difficulty,ablation,method,episode,reward,latency_mean,task_energy_mean,flight_energy_mean,total_energy_mean,success_rate,drop_rate,offload_ratio_mean
v2x_hotspot_hard,none,random,1,-198.52420373632106,0.13885467383676778,2.5913388105508357,148.62603302560626,151.21737183615707,0.9,0.1,0.498290141441206
v2x_hotspot_hard,none,random,2,-39.56815344049318,0.030781915104139374,0.5859490962902905,148.9695176704767,149.55546676676695,0.9833333333333333,0.016666666666666666,0.5154272109770971
v2x_hotspot_hard,none,random,3,-196.3525209420014,0.12266244241559093,2.249676420430448,137.5517126591926,139.801389079623,0.8972222222222224,0.10277777777777779,0.49360989522046206
v2x_hotspot_hard,none,random,4,-295.5853423695055,0.21998730383747198,4.7833479888315775,141.54708494502282,146.33043293385438,0.8527777777777779,0.14722222222222217,0.4841795386797373
v2x_hotspot_hard,none,random,5,-290.65559780634584,0.20653891296803922,4.771229677487782,138.61507491756808,143.38630459505586,0.8527777777777779,0.1472222222222222,0.5016135501648028
v2x_hotspot_hard,none,random,6,-371.25737468731666,0.24095132828771593,4.95830044977979,145.5382496748496,150.4965501246293,0.8055555555555556,0.19444444444444445,0.4965024042172131
v2x_hotspot_hard,none,random,7,-325.48567223187825,0.20391715999295273,5.020245000640392,130.82957614653844,135.8498211471789,0.8277777777777776,0.17222222222222225,0.48172528445275165
v2x_hotspot_hard,none,random,8,-492.82665290628205,0.3339629817399469,6.992727476281066,146.33992185375666,153.33264933003775,0.7444444444444444,0.2555555555555556,0.5030235268405737
v2x_hotspot_hard,none,random,9,-504.931149941239,0.3450450573023758,7.624293326841056,149.54001708595115,157.16431041279216,0.738888888888889,0.26111111111111107,0.5132427830079049
v2x_hotspot_hard,none,random,10,-554.7239107094266,0.4177616660356264,8.813183005311389,135.51051488139154,144.32369788670294,0.7222222222222224,0.27777777777777785,0.4958019532587279
v2x_hotspot_hard,none,random,11,-357.24904666773404,0.24616939329969406,5.152737259289927,149.11609873551586,154.26883599480573,0.8166666666666667,0.1833333333333333,0.47642307975892095
v2x_hotspot_hard,none,random,12,-301.8662668995856,0.2035707483740361,4.184185913794399,148.5090635839566,152.69324949775103,0.8444444444444446,0.15555555555555553,0.5228700740734034
v2x_hotspot_hard,none,random,13,-575.8308680048135,0.39769503789017385,8.216045517381641,147.13909996098548,155.3551454783671,0.7027777777777777,0.2972222222222222,0.5310509262023292
v2x_hotspot_hard,none,random,14,-100.97973790139325,0.07957049075180422,1.4188990132141577,143.0598086782442,144.4787076914584,0.9527777777777777,0.047222222222222214,0.5241791794205485
v2x_hotspot_hard,none,random,15,-241.98567371018802,0.1715325706572169,3.437475556654671,137.69413356301078,141.13160911966546,0.8777777777777778,0.12222222222222222,0.4914123078774303
v2x_hotspot_hard,none,random,16,-280.6480058229726,0.20063960621322366,4.078634730270091,143.1796181434674,147.25825287373752,0.8583333333333335,0.14166666666666664,0.4682331265690331
v2x_hotspot_hard,none,random,17,-167.05925720327966,0.1195718436107839,2.3815082875584355,131.39827515902235,133.77978344658078,0.9166666666666666,0.08333333333333333,0.4919449556808628
v2x_hotspot_hard,none,random,18,-194.05961627537812,0.12662156627485233,2.405407610345465,146.78967293736386,149.19508054770935,0.8999999999999999,0.09999999999999999,0.4957558061758936
v2x_hotspot_hard,none,random,19,-518.4335118681392,0.3829346742863015,7.838872390115113,144.72876511224604,152.56763750236115,0.7388888888888888,0.2611111111111111,0.505749552641256
v2x_hotspot_hard,none,random,20,-207.31792714262687,0.13004528292551712,2.941897167053438,147.1122791476367,150.0541763146901,0.8916666666666664,0.10833333333333331,0.4906574467349956
v2x_hotspot_hard,none,random,21,-495.7097608887913,0.3085313455962501,7.045980507663708,147.56990196371103,154.6158824713748,0.7361111111111113,0.26388888888888884,0.5037944030682857
v2x_hotspot_hard,none,random,22,-349.28838974335315,0.22500401752789984,4.74249823949954,138.15561620414056,142.89811444364005,0.8166666666666668,0.1833333333333333,0.486988623416626
v2x_hotspot_hard,none,random,23,-345.05561786255544,0.23508468087719195,5.1388670442604925,142.3655578479525,147.50442489221297,0.8222222222222224,0.17777777777777773,0.4999545916219513
v2x_hotspot_hard,none,random,24,-229.7947688821337,0.15961796401147857,3.1119225559560713,141.29813871075697,144.410061266713,0.8833333333333333,0.11666666666666667,0.5092286028844732
v2x_hotspot_hard,none,random,25,-462.48094514779757,0.32790187365152595,6.821699547538841,141.0539882274034,147.87568777494224,0.7638888888888888,0.23611111111111113,0.4944880443739751
v2x_hotspot_hard,none,random,26,-685.8019733405329,0.4810499007890195,10.59425372077349,143.53938149541864,154.13363521619215,0.6472222222222221,0.35277777777777775,0.5060357496596982
v2x_hotspot_hard,none,random,27,-173.03607805214017,0.12495798474891504,2.5403970405594745,132.49972104379856,135.04011808435806,0.913888888888889,0.08611111111111111,0.493013690383489
v2x_hotspot_hard,none,random,28,-185.1009175602859,0.14687758591286895,2.7373392167792687,138.0955485049873,140.83288772176658,0.911111111111111,0.08888888888888886,0.4729572296106588
v2x_hotspot_hard,none,random,29,-93.20893957410253,0.06913388908199776,1.4800658342313966,142.54458431854633,144.02465015277772,0.9555555555555555,0.04444444444444444,0.5071986596792529
v2x_hotspot_hard,none,random,30,-408.6034491255597,0.2562100674921607,5.190005847978911,140.40415509808005,145.59416094605893,0.7833333333333333,0.21666666666666667,0.46551428833960007
v2x_hotspot_hard,none,random,31,-479.52414402959386,0.33002235441760414,7.263363049687789,149.93985159219022,157.20321464187808,0.7527777777777778,0.24722222222222223,0.47991921745053656
v2x_hotspot_hard,none,random,32,-207.5016499118484,0.15324233430512388,3.208757316819231,141.27156141663892,144.48031873345815,0.8972222222222224,0.1027777777777778,0.5145981659791766
v2x_hotspot_hard,none,random,33,-251.87538593514785,0.1760568494146856,3.6015484091105123,146.22912311959033,149.83067152870083,0.8722222222222222,0.12777777777777777,0.5191450167615645
v2x_hotspot_hard,none,random,34,-328.9464585525945,0.23445003827380934,5.064901114778564,146.41659135265712,151.48149246743563,0.8333333333333334,0.16666666666666666,0.4820366094970275
v2x_hotspot_hard,none,random,35,-480.89723879000394,0.33551861354937657,7.239881987666609,129.7780484199473,137.01793040761393,0.7527777777777777,0.24722222222222226,0.49753581844461775
v2x_hotspot_hard,none,random,36,-531.1201146923362,0.36259455530236623,7.413383420293906,145.455776029184,152.86915944947793,0.7250000000000001,0.275,0.509624899046633
v2x_hotspot_hard,none,random,37,-320.4957960642301,0.23386905946229317,4.472706349193803,138.95844891095786,143.43115526015166,0.8388888888888888,0.16111111111111112,0.5214981271225337
v2x_hotspot_hard,none,random,38,-459.3274205641735,0.30770026738604855,6.469767797256788,145.37437570927753,151.8441435065343,0.7611111111111112,0.23888888888888887,0.5021308665502786
v2x_hotspot_hard,none,random,39,-224.04479088352892,0.14359240940880053,3.069725034698753,141.9810581773245,145.05078321202328,0.8833333333333333,0.11666666666666665,0.4924394917737762
v2x_hotspot_hard,none,random,40,-638.8593270863721,0.41809950641472077,8.643989793012686,136.1395027760749,144.78349256908763,0.6638888888888889,0.3361111111111111,0.5118075519914079
v2x_hotspot_hard,none,greedy_partial,1,-62.07567367386468,0.07662773213743403,1.1090388331253245,81.88063131315478,82.98967014628012,0.9777777777777777,0.02222222222222222,0.75
v2x_hotspot_hard,none,greedy_partial,2,-18.157002873150983,0.019935834329970856,0.22963061660277692,99.10711986211301,99.33675047871579,0.9944444444444444,0.005555555555555555,0.75
v2x_hotspot_hard,none,greedy_partial,3,-104.64621204535732,0.07163096990112301,1.0510001893859957,94.25109584238179,95.30209603176779,0.9472222222222223,0.05277777777777777,0.75
v2x_hotspot_hard,none,greedy_partial,4,-145.10494847970568,0.11802251731959375,2.016114639411985,85.21196018232003,87.22807482173202,0.9305555555555557,0.06944444444444443,0.735
v2x_hotspot_hard,none,greedy_partial,5,-172.71723901011921,0.1159111134248635,1.9687700859087562,97.67250248637087,99.64127257227965,0.9111111111111112,0.08888888888888889,0.75
v2x_hotspot_hard,none,greedy_partial,6,-212.19294941018217,0.13810427810258666,2.1231845660343636,80.390458542331,82.51364310836536,0.8888888888888891,0.11111111111111113,0.7349999999999999
v2x_hotspot_hard,none,greedy_partial,7,-194.0013889473902,0.12089810244557068,2.0789719024699513,80.52343033035378,82.60240223282375,0.897222222222222,0.10277777777777776,0.735
v2x_hotspot_hard,none,greedy_partial,8,-158.7755267653197,0.15583705360475222,2.9362712716375223,86.20331098199337,89.13958225363089,0.9305555555555556,0.06944444444444443,0.7200000000000001
v2x_hotspot_hard,none,greedy_partial,9,-193.60544942531374,0.16331135547718362,3.2004412426795708,90.57827387490916,93.77871511758872,0.9083333333333334,0.09166666666666666,0.7200000000000001
v2x_hotspot_hard,none,greedy_partial,10,-178.7808911564827,0.1884946815261536,3.832349205675904,93.59451102990302,97.42686023557887,0.925,0.075,0.675
v2x_hotspot_hard,none,greedy_partial,11,-91.89209885335099,0.11462044686906303,2.106169270393249,85.51843007921691,87.62459934961011,0.9666666666666667,0.03333333333333333,0.725
v2x_hotspot_hard,none,greedy_partial,12,-106.36053378518878,0.09930006824877945,1.7823972333490483,85.30124328758993,87.08364052093901,0.9527777777777778,0.04722222222222221,0.75
v2x_hotspot_hard,none,greedy_partial,13,-230.58993797239899,0.1883823025108506,3.484893408638009,88.92540887445504,92.41030228309312,0.8888888888888887,0.11111111111111109,0.705
v2x_hotspot_hard,none,greedy_partial,14,-48.93311882454725,0.05072153559536146,0.6450449907014751,88.46715534986792,89.11220034056943,0.9805555555555555,0.01944444444444444,0.75
v2x_hotspot_hard,none,greedy_partial,15,-123.813742297655,0.09159434475808838,1.45915868952687,93.20011413524477,94.65927282477165,0.938888888888889,0.0611111111111111,0.745
v2x_hotspot_hard,none,greedy_partial,16,-84.90300831514223,0.10637635949074384,1.7229982618092263,85.19429835400625,86.91729661581546,0.9694444444444444,0.03055555555555555,0.74
v2x_hotspot_hard,none,greedy_partial,17,-67.67986906266457,0.06974074978126829,1.0406752657915692,84.73262944780761,85.77330471359919,0.9722222222222221,0.027777777777777776,0.745
v2x_hotspot_hard,none,greedy_partial,18,-129.23667322885584,0.07418570790436206,1.053455478442469,83.2738239644071,84.32727944284956,0.9305555555555555,0.06944444444444443,0.75
v2x_hotspot_hard,none,greedy_partial,19,-174.82830563823066,0.17752930419481172,3.4397409401721517,93.81879666310736,97.25853760327946,0.9250000000000002,0.075,0.705
v2x_hotspot_hard,none,greedy_partial,20,-152.15507354426887,0.08248422309224633,1.1520719829331687,80.87303571907384,82.02510770200705,0.9166666666666665,0.08333333333333333,0.75
v2x_hotspot_hard,none,greedy_partial,21,-258.3927635728285,0.1659084037263741,3.0416264645664706,85.81631457989582,88.8579410444623,0.8638888888888889,0.1361111111111111,0.735
v2x_hotspot_hard,none,greedy_partial,22,-135.96804349160905,0.11489227914504471,2.0040588383886533,84.89004114137668,86.89409997976531,0.9361111111111113,0.06388888888888887,0.7349999999999999
v2x_hotspot_hard,none,greedy_partial,23,-137.1793084887089,0.10728883974588353,2.0004310629299646,83.17710827676515,85.1775393396951,0.9333333333333336,0.06666666666666665,0.74
v2x_hotspot_hard,none,greedy_partial,24,-161.80997441091313,0.09783854226779426,1.4647193565129306,84.80525379372742,86.26997315024036,0.913888888888889,0.08611111111111111,0.75
v2x_hotspot_hard,none,greedy_partial,25,-166.64155684661728,0.16692602863185269,3.1011890428039113,81.83836226220731,84.93955130501125,0.9277777777777778,0.07222222222222222,0.6900000000000001
v2x_hotspot_hard,none,greedy_partial,26,-281.33578794741953,0.22955045723187711,4.516673566281718,85.40410456517556,89.92077813145723,0.8638888888888889,0.1361111111111111,0.66
v2x_hotspot_hard,none,greedy_partial,27,-75.21380591827528,0.06773492179275811,1.1266053657760142,93.18119706363686,94.30780242941292,0.9666666666666667,0.03333333333333333,0.745
v2x_hotspot_hard,none,greedy_partial,28,-51.02190042897711,0.06817537526315022,1.1456738188035525,81.4798373226306,82.62551114143416,0.9833333333333335,0.016666666666666666,0.745
v2x_hotspot_hard,none,greedy_partial,29,-38.52954846258155,0.04271016208944033,0.68751533171693,104.4421550143844,105.12967034610135,0.986111111111111,0.013888888888888888,0.75
v2x_hotspot_hard,none,greedy_partial,30,-163.86923860843945,0.13687564382148848,2.1628347739764817,84.3040596494768,86.46689442345328,0.9222222222222224,0.07777777777777779,0.74
v2x_hotspot_hard,none,greedy_partial,31,-174.1972876081726,0.15408579975734848,2.981285433772941,87.89870441713217,90.87998985090508,0.9194444444444446,0.08055555555555555,0.7200000000000001
v2x_hotspot_hard,none,greedy_partial,32,-68.16630511053499,0.08215044953623625,1.4983429189204747,84.90643299741083,86.40477591633132,0.975,0.025000000000000005,0.74
v2x_hotspot_hard,none,greedy_partial,33,-133.02365350600223,0.09456429448045443,1.535930773743096,97.81431899421179,99.35024976795486,0.9333333333333335,0.06666666666666667,0.75
v2x_hotspot_hard,none,greedy_partial,34,-156.65875320499924,0.12754466583798935,2.216633628791539,89.20581648197675,91.42245011076834,0.9250000000000002,0.07500000000000001,0.74
v2x_hotspot_hard,none,greedy_partial,35,-213.721496446741,0.1641664077096919,2.940157570723533,84.44616480434044,87.38632237506394,0.8944444444444443,0.10555555555555554,0.7150000000000001
v2x_hotspot_hard,none,greedy_partial,36,-235.9778026914122,0.16930404144802763,3.1819584338621327,97.76296723687788,100.94492567074005,0.8805555555555554,0.11944444444444444,0.7200000000000001
v2x_hotspot_hard,none,greedy_partial,37,-108.68943752833508,0.10582733116644628,1.9076737888268516,84.4789364916546,86.38661028048142,0.9527777777777778,0.047222222222222214,0.7349999999999999
v2x_hotspot_hard,none,greedy_partial,38,-162.461383115323,0.14414913599862703,2.7154669601754966,82.87433823373388,85.58980519390937,0.925,0.075,0.7200000000000001
v2x_hotspot_hard,none,greedy_partial,39,-161.94023963946495,0.09769249123333,1.4064028234067623,90.9583570254646,92.36475984887137,0.9138888888888889,0.08611111111111111,0.75
v2x_hotspot_hard,none,greedy_partial,40,-183.43891431954782,0.19057160196734912,3.6374828215419153,90.80043755519583,94.43792037673774,0.9222222222222223,0.07777777777777778,0.6950000000000001
v2x_hotspot_hard,none,full_offload_tea,1,-79.62903389420141,0.09169256901849918,0.3736679741136902,86.94996694394302,87.32363491805673,0.9694444444444444,0.030555555555555555,0.18611111111111106
v2x_hotspot_hard,none,full_offload_tea,2,-13.92165529883818,0.020793357213049157,0.15989007134939665,81.04166666666667,81.20155673801608,0.9972222222222222,0.0027777777777777775,0.03888888888888888
v2x_hotspot_hard,none,full_offload_tea,3,-114.66645033004255,0.0775476043082898,0.1854259686074353,91.45833333333333,91.64375930194073,0.9416666666666668,0.05833333333333333,0.15277777777777773
v2x_hotspot_hard,none,full_offload_tea,4,-171.043713375631,0.13390952389289348,0.43337856641625133,94.10944723989603,94.54282580631227,0.9166666666666667,0.08333333333333334,0.24444444444444446
v2x_hotspot_hard,none,full_offload_tea,5,-166.6140002013146,0.12175007500521871,0.29910664786256663,92.5,92.79910664786259,0.9166666666666667,0.08333333333333334,0.2361111111111111
v2x_hotspot_hard,none,full_offload_tea,6,-170.76429914678388,0.13262888661335553,0.37986060316337117,100.21680492936653,100.59666553252987,0.9166666666666667,0.08333333333333334,0.25833333333333336
v2x_hotspot_hard,none,full_offload_tea,7,-162.04699992441806,0.12016748800874474,0.27862208563387264,92.61151929003343,92.89014137566733,0.9194444444444445,0.08055555555555556,0.23055555555555557
v2x_hotspot_hard,none,full_offload_tea,8,-188.96641642975806,0.17174588225508555,0.5522856537924565,104.04434161045,104.59662726424246,0.913888888888889,0.08611111111111111,0.3305555555555555
v2x_hotspot_hard,none,full_offload_tea,9,-217.93767068379248,0.1757836554074868,0.3976354052424302,88.12085583133108,88.51849123657352,0.8944444444444444,0.10555555555555556,0.3388888888888889
v2x_hotspot_hard,none,full_offload_tea,10,-211.39541666425998,0.20208763574510102,0.5648448056753193,87.56408172844611,88.12892653412139,0.9055555555555554,0.09444444444444443,0.43333333333333335
v2x_hotspot_hard,none,full_offload_tea,11,-134.04277697195437,0.13168737623212118,0.36513839759007516,87.47891254876815,87.84405094635824,0.9416666666666668,0.05833333333333333,0.29444444444444445
v2x_hotspot_hard,none,full_offload_tea,12,-123.03960791340481,0.1121484312776522,0.3163326868368088,88.55608909483053,88.87242178166736,0.9444444444444445,0.055555555555555546,0.2444444444444444
v2x_hotspot_hard,none,full_offload_tea,13,-310.014748512144,0.20834844158306723,0.4257418702302464,99.88457620442982,100.31031807466006,0.8388888888888888,0.1611111111111111,0.3888888888888889
v2x_hotspot_hard,none,full_offload_tea,14,-59.24313985612696,0.05739862543369735,0.2586566665306996,85.72916666666667,85.98782333319737,0.975,0.025,0.10833333333333334
v2x_hotspot_hard,none,full_offload_tea,15,-168.0688681558512,0.10409694772735213,0.20205240446082406,86.26351339568858,86.46556580014939,0.9111111111111113,0.08888888888888889,0.19722222222222216
v2x_hotspot_hard,none,full_offload_tea,16,-147.80030159735108,0.12477903827164012,0.3699273186881058,95.62500000000004,95.99492731868818,0.9305555555555557,0.06944444444444443,0.25833333333333336
v2x_hotspot_hard,none,full_offload_tea,17,-81.73089476629764,0.07528943299531607,0.2649629327957761,87.29166666666667,87.55662959946243,0.9638888888888888,0.03611111111111111,0.15277777777777773
v2x_hotspot_hard,none,full_offload_tea,18,-110.32964503440957,0.07643507854875302,0.22555856194829096,93.54166666666669,93.76722522861496,0.9444444444444445,0.05555555555555555,0.14166666666666666
v2x_hotspot_hard,none,full_offload_tea,19,-199.6118089416362,0.19085884072033152,0.5704712795409969,96.18373813102109,96.75420941056208,0.9111111111111111,0.08888888888888888,0.3861111111111111
v2x_hotspot_hard,none,full_offload_tea,20,-174.20630026322308,0.08807340639077359,0.20413208482051973,83.12499999999999,83.32913208482051,0.9027777777777776,0.0972222222222222,0.14166666666666666
v2x_hotspot_hard,none,full_offload_tea,21,-282.3710962456004,0.1760336275661807,0.2900307351094525,99.6763133240691,99.96634405917855,0.8500000000000002,0.14999999999999997,0.34166666666666673
v2x_hotspot_hard,none,full_offload_tea,22,-139.86365649769402,0.12471591691905531,0.3135243810987436,98.55068918003712,98.86421356113587,0.9361111111111111,0.06388888888888888,0.26111111111111107
v2x_hotspot_hard,none,full_offload_tea,23,-148.59144912885102,0.11655926649491503,0.27995469869038464,87.39048499069744,87.67043968938783,0.9277777777777779,0.07222222222222222,0.23888888888888887
v2x_hotspot_hard,none,full_offload_tea,24,-188.58913882430227,0.10551760566532739,0.2524335875564128,86.50759257192367,86.76002615948008,0.8972222222222224,0.10277777777777779,0.17777777777777776
v2x_hotspot_hard,none,full_offload_tea,25,-233.11100073374178,0.18398964631866954,0.434780371064865,95.38948826296033,95.82426863402519,0.8861111111111112,0.1138888888888889,0.38611111111111107
v2x_hotspot_hard,none,full_offload_tea,26,-317.90906603492533,0.24100040577861678,0.5456307584513388,104.41836772899175,104.9639984874431,0.8416666666666668,0.15833333333333327,0.4694444444444445
v2x_hotspot_hard,none,full_offload_tea,27,-72.70689739802005,0.07209598068247221,0.2745779124110296,91.47023383192366,91.74481174433467,0.9694444444444444,0.030555555555555555,0.14444444444444443
v2x_hotspot_hard,none,full_offload_tea,28,-73.164848015163,0.08469903836459759,0.2494129189018857,88.85706054469388,89.10647346359575,0.9722222222222222,0.02777777777777778,0.20000000000000004
v2x_hotspot_hard,none,full_offload_tea,29,-32.29416245081946,0.04907881302542836,0.23465872217534672,87.29166666666667,87.52632538884204,0.9916666666666667,0.008333333333333333,0.10277777777777779
v2x_hotspot_hard,none,full_offload_tea,30,-179.1097659186153,0.14534356566014012,0.42659137283529047,92.4428179926589,92.86940936549418,0.913888888888889,0.08611111111111111,0.2777777777777778
v2x_hotspot_hard,none,full_offload_tea,31,-196.30647307692746,0.170007576928882,0.4129485072114822,103.04523091045286,103.45817941766434,0.9083333333333334,0.09166666666666669,0.3472222222222222
v2x_hotspot_hard,none,full_offload_tea,32,-85.32347628123635,0.09614432988799358,0.29668588400148843,90.08723150128716,90.38391738528867,0.9666666666666667,0.03333333333333333,0.21944444444444447
v2x_hotspot_hard,none,full_offload_tea,33,-135.78078895562157,0.10320345395203177,0.29318442967065184,87.29166666666667,87.58485109633733,0.9333333333333333,0.06666666666666667,0.19444444444444445
v2x_hotspot_hard,none,full_offload_tea,34,-205.26205690111692,0.14068879916628702,0.3654733751207818,86.77083333333333,87.13630670845411,0.8944444444444446,0.10555555555555558,0.26666666666666666
v2x_hotspot_hard,none,full_offload_tea,35,-247.4938740188141,0.1798530350814499,0.4451017795183632,91.11427787021987,91.55937964973822,0.8749999999999998,0.12499999999999997,0.33888888888888885
v2x_hotspot_hard,none,full_offload_tea,36,-199.7136670258587,0.17868086376692285,0.5480768167453366,112.40379217547165,112.95186899221699,0.9083333333333334,0.09166666666666669,0.33055555555555555
v2x_hotspot_hard,none,full_offload_tea,37,-125.3994424305049,0.11859149462384391,0.3209788640373017,89.89583333333333,90.21681219737064,0.9444444444444445,0.055555555555555546,0.2555555555555556
v2x_hotspot_hard,none,full_offload_tea,38,-208.60984458490228,0.16095396576369386,0.35106268845264915,88.52950097729669,88.88056366574936,0.8972222222222223,0.10277777777777777,0.3222222222222222
v2x_hotspot_hard,none,full_offload_tea,39,-135.90483736617426,0.10294199822919771,0.27393345543581327,94.58333333333336,94.85726678876917,0.9333333333333335,0.06666666666666665,0.19444444444444445
v2x_hotspot_hard,none,full_offload_tea,40,-222.54649073458265,0.20985945737829056,0.6165117700823474,99.28635750985336,99.90286927993571,0.9000000000000001,0.1,0.4083333333333334
v2x_hotspot_hard,none,energy_guarded_tea,1,-44.187935116297815,0.07128437650920523,1.1425470414227787,83.04277205804188,84.18531909946465,0.9888888888888888,0.01111111111111111,0.13611111111111113
v2x_hotspot_hard,none,energy_guarded_tea,2,-7.761770370937273,0.014869747177814885,0.28871289746378104,80.0,80.28871289746377,1.0,0.0,0.034027777777777775
v2x_hotspot_hard,none,energy_guarded_tea,3,-74.884131715227,0.0677036969678124,0.8186276526646687,82.87473257448704,83.69336022715169,0.9666666666666667,0.03333333333333333,0.11875
v2x_hotspot_hard,none,energy_guarded_tea,4,-136.23419352677956,0.11562150065007536,1.2859430917482646,85.72916666666667,87.01510975841492,0.9361111111111113,0.06388888888888887,0.2034722222222222
v2x_hotspot_hard,none,energy_guarded_tea,5,-141.94711173803665,0.10950574572699255,1.0431092106444704,83.12499999999999,84.16810921064443,0.9305555555555556,0.06944444444444443,0.19861111111111107
v2x_hotspot_hard,none,energy_guarded_tea,6,-147.71434098625056,0.12440310206912467,1.4949747121906571,96.14583333333333,97.640808045524,0.9305555555555556,0.06944444444444443,0.2111111111111111
v2x_hotspot_hard,none,energy_guarded_tea,7,-150.25004531703453,0.11020208238944848,1.1169705647495323,84.7928846630211,85.9098552277706,0.925,0.075,0.19097222222222227
v2x_hotspot_hard,none,energy_guarded_tea,8,-120.55743188885806,0.14971564720414834,1.8891298454890821,86.77083333333333,88.65996317882241,0.9555555555555556,0.04444444444444444,0.2784722222222222
v2x_hotspot_hard,none,energy_guarded_tea,9,-160.11170948427986,0.15946824105141852,1.7714235256396265,88.33333333333333,90.10475685897296,0.9305555555555556,0.06944444444444443,0.2847222222222222
v2x_hotspot_hard,none,energy_guarded_tea,10,-154.58389958163835,0.1776527473150896,2.2368574736663027,85.3934941332023,87.6303516068686,0.9388888888888889,0.0611111111111111,0.35763888888888895
v2x_hotspot_hard,none,energy_guarded_tea,11,-99.95839863836666,0.11497499647049028,1.41333029967289,84.16666666666667,85.57999696633956,0.9611111111111111,0.03888888888888888,0.23333333333333334
v2x_hotspot_hard,none,energy_guarded_tea,12,-92.95681375137853,0.09569078622225669,1.1066293902912625,82.49772765524636,83.60435704553765,0.9611111111111111,0.03888888888888888,0.19652777777777775
v2x_hotspot_hard,none,energy_guarded_tea,13,-217.58425319171192,0.18497556663223233,1.9973193125380684,97.77098749107112,99.7683068036092,0.8972222222222221,0.10277777777777776,0.3222222222222222
v2x_hotspot_hard,none,energy_guarded_tea,14,-42.56835792487029,0.044855095036246496,0.6190459744705471,80.06507775291536,80.68412372738591,0.9833333333333333,0.016666666666666666,0.08541666666666668
v2x_hotspot_hard,none,energy_guarded_tea,15,-127.60313508003016,0.09189904566282539,0.8576213804332306,83.125,83.98262138043324,0.9361111111111112,0.06388888888888887,0.16041666666666668
v2x_hotspot_hard,none,energy_guarded_tea,16,-75.94268148275273,0.10337890644016458,1.5008388097832617,89.375,90.87583880978326,0.975,0.025,0.1951388888888889
v2x_hotspot_hard,none,energy_guarded_tea,17,-53.336431756103714,0.06345788126601275,0.9009934727748806,82.15215653852974,83.05315001130461,0.9805555555555555,0.01944444444444444,0.11736111111111111
v2x_hotspot_hard,none,energy_guarded_tea,18,-98.93809211559261,0.06789081386787288,0.6424707719463427,82.60416666666667,83.24663743861298,0.95,0.049999999999999996,0.11944444444444444
v2x_hotspot_hard,none,energy_guarded_tea,19,-138.4010939714573,0.1661271061305483,2.128887102545415,84.38230504611963,86.51119214866502,0.9472222222222223,0.05277777777777777,0.31944444444444453
v2x_hotspot_hard,none,energy_guarded_tea,20,-121.84258754703929,0.07565484560138239,0.6447710180539057,86.25,86.89477101805393,0.9361111111111111,0.06388888888888888,0.11736111111111111
v2x_hotspot_hard,none,energy_guarded_tea,21,-223.5257718669288,0.15768481689606859,1.557926144805576,90.41666666666667,91.97459281147225,0.8861111111111113,0.11388888888888891,0.28125
v2x_hotspot_hard,none,energy_guarded_tea,22,-127.34398025026171,0.11288682110666472,1.3131832674706645,88.84430512794255,90.15748839541321,0.9416666666666667,0.05833333333333333,0.2097222222222222
v2x_hotspot_hard,none,energy_guarded_tea,23,-119.56574310834796,0.10282528939481966,1.1337822902275305,83.82084858353495,84.95463087376248,0.9444444444444446,0.05555555555555554,0.19722222222222216
v2x_hotspot_hard,none,energy_guarded_tea,24,-123.51587835026982,0.09098917695203484,0.9622434460788287,91.03024480516267,91.99248825124148,0.9388888888888889,0.06111111111111111,0.15000000000000002
v2x_hotspot_hard,none,energy_guarded_tea,25,-132.65357412509965,0.1602167304630491,2.031933760600648,97.15310485279795,99.18503861339862,0.9500000000000001,0.049999999999999996,0.3152777777777778
v2x_hotspot_hard,none,energy_guarded_tea,26,-250.78521898981884,0.22196467144880996,2.304472501207116,93.62676977370194,95.93124227490905,0.8833333333333333,0.11666666666666667,0.3993055555555556
v2x_hotspot_hard,none,energy_guarded_tea,27,-61.07474944992207,0.06281339149508008,0.7309222115986452,81.33336151150995,82.0642837231086,0.975,0.025,0.12222222222222222
v2x_hotspot_hard,none,energy_guarded_tea,28,-52.802366460285924,0.07233998065805684,1.0487247183274817,90.95038939452141,91.9991141128489,0.9833333333333335,0.016666666666666666,0.14444444444444443
v2x_hotspot_hard,none,energy_guarded_tea,29,-20.944126502636113,0.04034275818549896,0.6911185285501695,80.0,80.69111852855013,0.9972222222222221,0.0027777777777777775,0.07916666666666668
v2x_hotspot_hard,none,energy_guarded_tea,30,-110.15929357756318,0.12033380890041297,1.6151444616805484,93.02226798547082,94.63741244715136,0.9555555555555555,0.04444444444444443,0.2229166666666667
v2x_hotspot_hard,none,energy_guarded_tea,31,-161.6731750535611,0.15238606351820666,1.779401618661008,92.02700461489492,93.80640623355593,0.9277777777777779,0.07222222222222222,0.2840277777777777
v2x_hotspot_hard,none,energy_guarded_tea,32,-67.62009382890848,0.08094923118219692,1.042815784984442,81.56953765893516,82.61235344391962,0.975,0.025000000000000005,0.1729166666666667
v2x_hotspot_hard,none,energy_guarded_tea,33,-93.6469330125727,0.08661867494164223,1.098667786050082,81.04166666666667,82.14033445271676,0.9583333333333334,0.041666666666666664,0.1527777777777778
v2x_hotspot_hard,none,energy_guarded_tea,34,-143.35121275281054,0.12336430529969486,1.335428164012992,96.66666666666666,98.00209483067965,0.9333333333333335,0.06666666666666665,0.21805555555555553
v2x_hotspot_hard,none,energy_guarded_tea,35,-175.29693690962105,0.15723963060492938,1.8207067735929454,87.8682896212895,89.68899639488244,0.9194444444444443,0.08055555555555555,0.28125
v2x_hotspot_hard,none,energy_guarded_tea,36,-224.04312761989837,0.17004604516795965,1.7183786477637286,92.50000000000001,94.21837864776377,0.8888888888888887,0.11111111111111109,0.28194444444444444
v2x_hotspot_hard,none,energy_guarded_tea,37,-105.23990227869713,0.10707821396392586,1.3915083894609697,88.33333333333334,89.72484172279432,0.9555555555555556,0.04444444444444443,0.2013888888888889
v2x_hotspot_hard,none,energy_guarded_tea,38,-170.52392678554833,0.1441088803654132,1.5310298929928114,86.6266319069943,88.15766179998711,0.9194444444444444,0.08055555555555553,0.2604166666666667
v2x_hotspot_hard,none,energy_guarded_tea,39,-76.65450093300511,0.0833403630909063,1.107340675961478,87.29166666666667,88.3990073426282,0.9694444444444447,0.030555555555555558,0.15277777777777776
v2x_hotspot_hard,none,energy_guarded_tea,40,-153.19813519100785,0.1841060760646718,2.611998953288615,94.71959463757815,97.33159359086677,0.9416666666666668,0.05833333333333333,0.3277777777777777
v2x_hotspot_hard,none,deadline_tea,1,-35.88811742099404,0.06989266844141345,1.2007280325944658,89.69116470357942,90.89189273617383,0.9944444444444444,0.005555555555555555,0.13472222222222222
v2x_hotspot_hard,none,deadline_tea,2,-7.7857668243338995,0.01480621549261831,0.2884748997102553,81.5625,81.85097489971025,1.0,0.0,0.034027777777777775
v2x_hotspot_hard,none,deadline_tea,3,-66.28671642691214,0.0653274912765358,0.835652245308606,91.45833333333333,92.29398557864194,0.9722222222222221,0.027777777777777776,0.11875
v2x_hotspot_hard,none,deadline_tea,4,-123.24869564105343,0.11244533448097165,1.3380104519995415,90.94116381145439,92.27917426345394,0.9444444444444446,0.055555555555555546,0.20416666666666664
v2x_hotspot_hard,none,deadline_tea,5,-124.54252919917307,0.10502302003964253,1.1157392790364187,90.02566021768968,91.14139949672607,0.9416666666666667,0.05833333333333333,0.19652777777777775
v2x_hotspot_hard,none,deadline_tea,6,-139.1491654360168,0.12330504862778717,1.5615976671155538,90.41666666666667,91.9782643337822,0.9361111111111113,0.06388888888888887,0.2097222222222222
v2x_hotspot_hard,none,deadline_tea,7,-129.29249951193515,0.10684214369666907,1.171175765204053,93.13975027260634,94.31092603781039,0.9388888888888888,0.0611111111111111,0.19027777777777777
v2x_hotspot_hard,none,deadline_tea,8,-116.22007571183413,0.14818998728157667,1.8878590498896675,93.83481729899499,95.72267634888466,0.9583333333333334,0.04166666666666666,0.2777777777777778
v2x_hotspot_hard,none,deadline_tea,9,-163.03281130270994,0.1565986336256313,1.6786670510140367,86.89810619840894,88.57677324942298,0.9277777777777777,0.07222222222222222,0.28680555555555554
v2x_hotspot_hard,none,deadline_tea,10,-146.04421968869474,0.1757321554906593,2.2804767166791042,90.40764701856595,92.68812373524504,0.9444444444444444,0.05555555555555555,0.3569444444444444
v2x_hotspot_hard,none,deadline_tea,11,-90.42634205956506,0.11047064602040403,1.4153087201681267,87.14834102048525,88.56364974065336,0.9666666666666667,0.03333333333333333,0.2340277777777778
v2x_hotspot_hard,none,deadline_tea,12,-89.2501279193655,0.09593592657857206,1.2150847975687649,89.22472690508327,90.43981170265202,0.9638888888888889,0.03611111111111111,0.19444444444444445
v2x_hotspot_hard,none,deadline_tea,13,-171.28291571616825,0.17835257681098093,2.1469903853387704,100.38594508849827,102.53293547383701,0.9277777777777778,0.07222222222222222,0.3180555555555556
v2x_hotspot_hard,none,deadline_tea,14,-38.36405189357046,0.043902831902539054,0.6135802885471906,84.6875,85.30108028854718,0.986111111111111,0.013888888888888888,0.08750000000000001
v2x_hotspot_hard,none,deadline_tea,15,-106.69627775191036,0.08832620054968782,1.003185134091276,95.625,96.62818513409128,0.95,0.049999999999999996,0.1576388888888889
v2x_hotspot_hard,none,deadline_tea,16,-75.86944100054664,0.10330581774419469,1.499053754551892,87.81250000000001,89.3115537545519,0.975,0.025,0.1951388888888889
v2x_hotspot_hard,none,deadline_tea,17,-40.25003401199849,0.0597961422477624,0.8849267601344534,89.89583333333333,90.7807600934678,0.9888888888888888,0.01111111111111111,0.12083333333333333
v2x_hotspot_hard,none,deadline_tea,18,-85.85784215818522,0.06436549557231311,0.6879584050821961,88.8541666666667,89.54212507174887,0.9583333333333334,0.04166666666666666,0.11875
v2x_hotspot_hard,none,deadline_tea,19,-138.20580612824415,0.16532645358211573,2.079538682518968,87.52988927356496,89.60942795608393,0.9472222222222223,0.05277777777777777,0.31944444444444453
v2x_hotspot_hard,none,deadline_tea,20,-96.92544652262187,0.07283491368032581,0.7875865901529852,89.37499999999999,90.16258659015298,0.9527777777777778,0.047222222222222214,0.11458333333333333
v2x_hotspot_hard,none,deadline_tea,21,-214.54113615308273,0.15482018512545606,1.5498169306175515,91.97916666666666,93.5289835972842,0.8916666666666669,0.10833333333333335,0.28194444444444444
v2x_hotspot_hard,none,deadline_tea,22,-118.2568269406394,0.1096953480032934,1.2913190563381527,90.92540292545337,92.21672198179152,0.9472222222222223,0.05277777777777777,0.2104166666666666
v2x_hotspot_hard,none,deadline_tea,23,-106.7956134159023,0.10043010429605821,1.2340897669219566,86.79177254378858,88.02586231071054,0.9527777777777778,0.04722222222222221,0.19305555555555554
v2x_hotspot_hard,none,deadline_tea,24,-84.91290530649293,0.0836255378175507,1.0903897391560957,92.49999999999994,93.59038973915605,0.9638888888888888,0.03611111111111111,0.14722222222222223
v2x_hotspot_hard,none,deadline_tea,25,-124.1276429872012,0.15915978857487442,2.115724354833509,92.22157898671351,94.33730334154704,0.9555555555555556,0.04444444444444444,0.3125
v2x_hotspot_hard,none,deadline_tea,26,-237.39398538428554,0.21788965794609058,2.337250815818467,96.11969997394688,98.45695078976536,0.8916666666666667,0.10833333333333334,0.39861111111111114
v2x_hotspot_hard,none,deadline_tea,27,-48.48386823127394,0.06055731820127243,0.79449930118031,88.64662332601578,89.44112262719611,0.9833333333333333,0.016666666666666666,0.12083333333333335
v2x_hotspot_hard,none,deadline_tea,28,-46.58984629147654,0.06616154663444215,0.9949818751789637,91.39466822739973,92.38965010257871,0.9861111111111112,0.013888888888888888,0.1486111111111111
v2x_hotspot_hard,none,deadline_tea,29,-20.839184836381914,0.03966304233994957,0.6621531333360234,84.68750000000001,85.34965313333602,0.9972222222222221,0.0027777777777777775,0.08125
v2x_hotspot_hard,none,deadline_tea,30,-101.10545334317308,0.11731523351024256,1.6687518762969302,94.06355743989506,95.73230931619197,0.961111111111111,0.03888888888888888,0.2208333333333333
v2x_hotspot_hard,none,deadline_tea,31,-140.2857432761902,0.14894809646148058,1.8426962792863284,86.97158872262052,88.81428500190687,0.9416666666666669,0.05833333333333332,0.2826388888888889
v2x_hotspot_hard,none,deadline_tea,32,-58.75273009455885,0.07809011206233472,1.070475172551574,86.93918323139368,88.00965840394527,0.9805555555555555,0.019444444444444445,0.17222222222222222
v2x_hotspot_hard,none,deadline_tea,33,-89.74813733532098,0.08611856103026132,1.0985121475641806,90.41666666666666,91.51517881423084,0.9611111111111111,0.03888888888888888,0.15416666666666667
v2x_hotspot_hard,none,deadline_tea,34,-138.956208018681,0.12209255814550019,1.3462362100323753,98.75000000000001,100.09623621003239,0.9361111111111112,0.06388888888888887,0.21805555555555553
v2x_hotspot_hard,none,deadline_tea,35,-147.01072256925235,0.15539230630966858,2.003909925723128,100.31250000000003,102.31640992572314,0.9388888888888889,0.06111111111111111,0.2770833333333334
v2x_hotspot_hard,none,deadline_tea,36,-152.75739512543538,0.1602089449541899,1.905831397566824,100.83333333333333,102.73916473090013,0.9361111111111112,0.06388888888888887,0.28263888888888894
v2x_hotspot_hard,none,deadline_tea,37,-86.56721408727725,0.09952943963459931,1.3246939607163166,89.89583333333333,91.22052729404967,0.9666666666666667,0.03333333333333333,0.2048611111111111
v2x_hotspot_hard,none,deadline_tea,38,-157.91215145347883,0.1418070387668746,1.6048500703962334,93.78239984307024,95.38724991346648,0.9277777777777777,0.07222222222222223,0.25902777777777775
v2x_hotspot_hard,none,deadline_tea,39,-76.60409960344457,0.08276721459001392,1.0967450346520902,92.49999999999999,93.59674503465205,0.9694444444444447,0.030555555555555558,0.1534722222222222
v2x_hotspot_hard,none,deadline_tea,40,-143.3406539985679,0.17922599163005903,2.349705158064517,91.62686190015688,93.97656705822142,0.9472222222222223,0.05277777777777777,0.33611111111111114
v2x_hotspot_hard,none,tea_partial,1,-43.95366961824659,0.0704783861767522,1.1431686970427042,84.90518445681695,86.04835315385967,0.9888888888888888,0.01111111111111111,0.13541666666666669
v2x_hotspot_hard,none,tea_partial,2,-7.782920199817117,0.014841699561210545,0.28861192604400543,81.04166666666667,81.33027859271066,1.0,0.0,0.034027777777777775
v2x_hotspot_hard,none,tea_partial,3,-65.62876013129925,0.0640216868284854,0.8234291014829663,85.20833333333333,86.0317624348163,0.9722222222222222,0.02777777777777778,0.11875000000000001
v2x_hotspot_hard,none,tea_partial,4,-135.7174944709526,0.11423168949335244,1.2612084448559615,85.20833333333333,86.46954177818928,0.9361111111111113,0.06388888888888887,0.20486111111111108
v2x_hotspot_hard,none,tea_partial,5,-136.98918307954247,0.10658389461750316,1.0493672413776747,86.25000000000003,87.2993672413777,0.9333333333333335,0.06666666666666665,0.1979166666666666
v2x_hotspot_hard,none,tea_partial,6,-151.09869639979334,0.12343398765331239,1.457028153362608,87.29166666666669,88.74869482002929,0.9277777777777778,0.07222222222222222,0.21180555555555552
v2x_hotspot_hard,none,tea_partial,7,-145.29651097933444,0.10733472875007326,1.1044177639331814,87.42920321300402,88.5336209769372,0.9277777777777778,0.07222222222222222,0.1909722222222222
v2x_hotspot_hard,none,tea_partial,8,-132.363953067392,0.14895807822675383,1.8461761552106979,89.45532070347711,91.30149685868781,0.9472222222222223,0.05277777777777777,0.2784722222222222
v2x_hotspot_hard,none,tea_partial,9,-159.13571194388567,0.1569405297867675,1.7210561033974614,86.18298458491368,87.90404068831114,0.9305555555555556,0.06944444444444443,0.2861111111111111
v2x_hotspot_hard,none,tea_partial,10,-157.85996906955563,0.17563972515215562,2.18933074766723,85.46626974498817,87.65560049265537,0.9361111111111112,0.06388888888888888,0.3597222222222222
v2x_hotspot_hard,none,tea_partial,11,-90.66445066242132,0.11111948099535937,1.418996182564973,87.29558728716627,88.71458346973125,0.9666666666666667,0.03333333333333333,0.2340277777777778
v2x_hotspot_hard,none,tea_partial,12,-96.96153024989559,0.0956190986715323,1.077045975649025,83.5447782958158,84.62182427146483,0.9583333333333335,0.04166666666666666,0.19722222222222222
v2x_hotspot_hard,none,tea_partial,13,-220.63004610501739,0.18315528569342496,1.9442319274778914,87.86054325200163,89.80477517947952,0.8944444444444444,0.10555555555555554,0.3222222222222222
v2x_hotspot_hard,none,tea_partial,14,-38.373050860816655,0.043928503778828946,0.6054833479416702,84.6875,85.29298334794166,0.986111111111111,0.013888888888888888,0.0875
v2x_hotspot_hard,none,tea_partial,15,-122.97964207844481,0.08999239200636412,0.8710318717913756,85.2083333333333,86.0793652051247,0.9388888888888889,0.0611111111111111,0.16041666666666668
v2x_hotspot_hard,none,tea_partial,16,-75.4461764200885,0.10219672963140057,1.4837164534355134,87.02807530604127,88.51179175947674,0.975,0.025,0.1965277777777778
v2x_hotspot_hard,none,tea_partial,17,-52.880831473454144,0.062005586413291375,0.8680118817380812,84.42600027390357,85.29401215564167,0.9805555555555555,0.01944444444444444,0.11944444444444444
v2x_hotspot_hard,none,tea_partial,18,-89.91743234158105,0.06479416445228739,0.655271291920389,85.72916666666667,86.38443795858707,0.9555555555555556,0.04444444444444444,0.12013888888888888
v2x_hotspot_hard,none,tea_partial,19,-146.3742858761643,0.16604311952632264,2.0622919398957045,84.56313628304264,86.62542822293833,0.9416666666666668,0.05833333333333333,0.32083333333333347
v2x_hotspot_hard,none,tea_partial,20,-121.54584120549116,0.07504786224994495,0.6411931836992392,83.64583333333333,84.28702651703256,0.9361111111111111,0.06388888888888888,0.11736111111111111
v2x_hotspot_hard,none,tea_partial,21,-222.73160582068218,0.15565571473898027,1.5182838216442736,88.3333333333333,89.85161715497755,0.8861111111111113,0.11388888888888891,0.28194444444444444
v2x_hotspot_hard,none,tea_partial,22,-126.41395699744157,0.11053703119398686,1.2517505892996648,86.10244166424432,87.35419225354401,0.9416666666666667,0.05833333333333333,0.21180555555555552
v2x_hotspot_hard,none,tea_partial,23,-114.98125678439665,0.10108252403817013,1.1766043551792722,85.20833333333333,86.38493768851261,0.9472222222222224,0.052777777777777764,0.1944444444444444
v2x_hotspot_hard,none,tea_partial,24,-122.92724506361608,0.08979737433974469,0.943843376932978,85.72916666666667,86.67301004359963,0.9388888888888889,0.06111111111111111,0.15069444444444446
v2x_hotspot_hard,none,tea_partial,25,-140.3043238636211,0.15998087718213191,2.020189551369317,88.35341305041503,90.37360260178434,0.9444444444444444,0.055555555555555546,0.3145833333333333
v2x_hotspot_hard,none,tea_partial,26,-249.70736329231335,0.21929765788140368,2.3410796597016383,89.66580217389887,92.00688183360053,0.8833333333333333,0.11666666666666667,0.39791666666666664
v2x_hotspot_hard,none,tea_partial,27,-56.533554488350035,0.06107269331186371,0.7461632026366657,84.16666666666667,84.91282986930334,0.9777777777777777,0.02222222222222222,0.12083333333333333
v2x_hotspot_hard,none,tea_partial,28,-50.728187410447084,0.06690167491592328,0.9748892435894833,87.14459211356734,88.1194813571568,0.9833333333333335,0.016666666666666666,0.14930555555555552
v2x_hotspot_hard,none,tea_partial,29,-20.94039126107422,0.04015878543482995,0.6909501511819148,82.08333333333333,82.77428348451525,0.9972222222222221,0.0027777777777777775,0.07916666666666668
v2x_hotspot_hard,none,tea_partial,30,-108.98137470525542,0.11758467677093104,1.5922022573409946,86.77083333333333,88.36303559067434,0.9555555555555556,0.04444444444444444,0.2236111111111111
v2x_hotspot_hard,none,tea_partial,31,-160.9592992771213,0.15082326333360688,1.7617656194516045,87.00238361464334,88.76414923409492,0.9277777777777779,0.07222222222222222,0.2847222222222222
v2x_hotspot_hard,none,tea_partial,32,-58.97698522868942,0.07889370869352269,1.075199314562386,84.76647065281271,85.84166996737511,0.9805555555555555,0.019444444444444445,0.17222222222222222
v2x_hotspot_hard,none,tea_partial,33,-97.60603040988357,0.08625056152879126,1.066517480452538,84.12775783683874,85.19427531729129,0.9555555555555555,0.04444444444444444,0.1527777777777778
v2x_hotspot_hard,none,tea_partial,34,-155.31448646394722,0.12409324870842116,1.2597309638535783,86.77083333333333,88.03056429718688,0.9250000000000002,0.075,0.2208333333333333
v2x_hotspot_hard,none,tea_partial,35,-174.9538578611944,0.15637997487129962,1.7980635842166912,86.77083333333331,88.56889691755003,0.9194444444444443,0.08055555555555555,0.28125
v2x_hotspot_hard,none,tea_partial,36,-185.61806348579748,0.16349017225822285,1.7778424224589122,90.27554000545007,92.05338242790896,0.9138888888888891,0.08611111111111111,0.2840277777777778
v2x_hotspot_hard,none,tea_partial,37,-95.51362277712316,0.10228711468399147,1.3420496962073982,88.33333333333333,89.67538302954071,0.9611111111111111,0.03888888888888888,0.20416666666666664
v2x_hotspot_hard,none,tea_partial,38,-169.75723838205766,0.1420877761354351,1.5034678005138722,85.35116464285414,86.85463244336802,0.9194444444444444,0.08055555555555555,0.26111111111111107
v2x_hotspot_hard,none,tea_partial,39,-76.36486592690613,0.08249272458822476,1.103669171507076,87.81249999999999,88.91616917150708,0.9694444444444447,0.030555555555555558,0.1520833333333333
v2x_hotspot_hard,none,tea_partial,40,-144.1224684672482,0.18149512352596045,2.3907999300803775,90.41666666666667,92.80746659674709,0.9472222222222223,0.05277777777777777,0.33472222222222225
v2x_hotspot_hard,none,follow_tea,1,-33.08713615024122,0.06858275123169842,1.175141749242048,145.40304847841722,146.57819022765932,0.9972222222222221,0.0027777777777777775,0.13472222222222222
v2x_hotspot_hard,none,follow_tea,2,-9.879241628266136,0.014925657834093475,0.2816391102436037,149.9185211561726,150.20016026641625,1.0,0.0,0.034027777777777775
v2x_hotspot_hard,none,follow_tea,3,-57.31509377489969,0.05832452900717787,0.7462587611827456,143.19585231600539,143.94211107718814,0.9777777777777777,0.02222222222222222,0.12083333333333332
v2x_hotspot_hard,none,follow_tea,4,-91.19283990714618,0.10747119966297243,1.444996634121255,148.66193764841537,150.10693428253663,0.9666666666666667,0.03333333333333333,0.20277777777777775
v2x_hotspot_hard,none,follow_tea,5,-104.63599091327409,0.10077415598156089,1.1449275357716495,144.0982311279665,145.24315866373817,0.9555555555555556,0.04444444444444444,0.19374999999999998
v2x_hotspot_hard,none,follow_tea,6,-93.92154624634985,0.11515564639536363,1.4653154683141192,147.3851359989832,148.85045146729735,0.9666666666666668,0.03333333333333333,0.2125
v2x_hotspot_hard,none,follow_tea,7,-121.9171743414298,0.10390497313268102,0.968621383509155,149.4108457386463,150.37946712215546,0.9444444444444445,0.05555555555555555,0.19444444444444448
v2x_hotspot_hard,none,follow_tea,8,-99.72109320330179,0.1422149671339809,1.812223706429911,148.97794412919197,150.79016783562187,0.9694444444444444,0.030555555555555555,0.2805555555555556
v2x_hotspot_hard,none,follow_tea,9,-143.67460612090747,0.15342677778790473,1.7008920499941504,146.3313118587318,148.03220390872596,0.9416666666666667,0.058333333333333334,0.2847222222222222
v2x_hotspot_hard,none,follow_tea,10,-155.261618524988,0.17450416837614283,2.2459198126147126,145.758010506606,148.00393031922076,0.9388888888888888,0.06111111111111111,0.3576388888888889
v2x_hotspot_hard,none,follow_tea,11,-82.98868014525308,0.107069672588211,1.4439140155562302,146.67601976768125,148.11993378323749,0.9722222222222221,0.027777777777777776,0.2340277777777778
v2x_hotspot_hard,none,follow_tea,12,-86.05783959364112,0.09320020074052743,1.1020834516908251,149.09016078335083,150.19224423504167,0.9666666666666668,0.03333333333333333,0.19583333333333336
v2x_hotspot_hard,none,follow_tea,13,-146.7574381399897,0.1729073979106506,2.2251611648968836,148.13400190695154,150.3591630718484,0.9444444444444444,0.05555555555555555,0.31597222222222227
v2x_hotspot_hard,none,follow_tea,14,-48.14110169861115,0.04394281755684412,0.5562459382420685,143.49999999999997,144.05624593824206,0.9805555555555555,0.01944444444444444,0.08888888888888888
v2x_hotspot_hard,none,follow_tea,15,-82.66167532900313,0.08379731047181722,1.0155032332162823,148.805948738415,149.8214519716313,0.9666666666666667,0.03333333333333333,0.15486111111111114
v2x_hotspot_hard,none,follow_tea,16,-62.9179320605239,0.09570768174726982,1.3737731184447166,147.39844793178088,148.77222105022554,0.9833333333333333,0.016666666666666666,0.20208333333333334
v2x_hotspot_hard,none,follow_tea,17,-45.094713606102935,0.057365241062926925,0.8466300693676524,147.26093071227425,148.10756078164184,0.986111111111111,0.013888888888888888,0.12013888888888888
v2x_hotspot_hard,none,follow_tea,18,-62.46337092688792,0.061241872270355796,0.8006562145508442,146.40924077077608,147.20989698532696,0.975,0.025,0.11111111111111113
v2x_hotspot_hard,none,follow_tea,19,-131.5704272350333,0.16406127685334,2.0484630160272537,148.23045591166888,150.2789189276961,0.9527777777777777,0.047222222222222214,0.32083333333333325
v2x_hotspot_hard,none,follow_tea,20,-64.08923139471385,0.06558430831575845,0.8410367559101387,148.45497661211667,149.2960133680268,0.9750000000000001,0.025,0.11041666666666665
v2x_hotspot_hard,none,follow_tea,21,-178.03852785772042,0.1486284525865225,1.4529890073662581,149.62317521171138,151.07616421907767,0.9166666666666669,0.08333333333333334,0.28611111111111115
v2x_hotspot_hard,none,follow_tea,22,-81.82472531584351,0.10373289420208726,1.3170971084649012,148.04568299460442,149.36278010306933,0.9722222222222222,0.02777777777777778,0.20902777777777773
v2x_hotspot_hard,none,follow_tea,23,-104.01437051768801,0.0986537634744765,1.2195882529949558,148.7476006428875,149.96718889588243,0.9555555555555557,0.04444444444444443,0.19027777777777777
v2x_hotspot_hard,none,follow_tea,24,-52.780957761492104,0.07853606156358989,1.1206040869720644,149.14524919968667,150.26585328665877,0.986111111111111,0.013888888888888888,0.14652777777777778
v2x_hotspot_hard,none,follow_tea,25,-120.75596288061537,0.15626210084523942,2.060051433581324,147.99350111072536,150.0535525443066,0.9583333333333334,0.04166666666666666,0.31180555555555556
v2x_hotspot_hard,none,follow_tea,26,-204.76191698479767,0.2119103275947576,2.3885942280311934,146.7513741281319,149.1399683561631,0.913888888888889,0.08611111111111111,0.39513888888888893
v2x_hotspot_hard,none,follow_tea,27,-45.58113112916462,0.05867074880119625,0.7636278681803361,147.89175748961972,148.6553853578001,0.986111111111111,0.013888888888888888,0.11944444444444445
v2x_hotspot_hard,none,follow_tea,28,-42.44581992026004,0.06128872969620454,0.9696969798443923,145.0928773410362,146.06257432088063,0.9888888888888889,0.01111111111111111,0.1513888888888889
v2x_hotspot_hard,none,follow_tea,29,-30.447686262048585,0.03923578413764565,0.5934657498718611,143.50000000000003,144.09346574987185,0.9916666666666667,0.008333333333333333,0.08333333333333333
v2x_hotspot_hard,none,follow_tea,30,-85.30117024663876,0.11363431726691138,1.7150937934208927,144.71210722493396,146.42720101835488,0.9722222222222222,0.027777777777777776,0.21805555555555553
v2x_hotspot_hard,none,follow_tea,31,-125.15959981582887,0.14646853714731273,1.8341099751766237,145.86343811803278,147.69754809320932,0.9527777777777778,0.047222222222222214,0.28125
v2x_hotspot_hard,none,follow_tea,32,-60.1084396282388,0.07706984678964868,1.058068074785429,144.3850913907243,145.4431594655097,0.9805555555555555,0.019444444444444445,0.17291666666666666
v2x_hotspot_hard,none,follow_tea,33,-78.54245003441129,0.083847749662149,1.143715006499938,144.09829019475467,145.24200520125456,0.9694444444444444,0.03055555555555555,0.15
v2x_hotspot_hard,none,follow_tea,34,-117.04412319943741,0.11263973156040336,1.328040055478908,148.46595453426045,149.7939945897393,0.9500000000000001,0.049999999999999996,0.22152777777777774
v2x_hotspot_hard,none,follow_tea,35,-134.88896188341502,0.15131982929155846,1.9831322353943175,145.14431237973668,147.127444615131,0.9472222222222223,0.05277777777777778,0.27638888888888885
v2x_hotspot_hard,none,follow_tea,36,-145.09790989624096,0.15742419136485128,1.9057839595692732,145.6009162035798,147.50670016314905,0.9416666666666668,0.05833333333333333,0.2791666666666667
v2x_hotspot_hard,none,follow_tea,37,-83.21103333710705,0.0965771136976947,1.2875426024897714,146.82153759540836,148.10908019789815,0.9694444444444446,0.030555555555555558,0.2020833333333333
v2x_hotspot_hard,none,follow_tea,38,-120.53846161008896,0.13381331352444667,1.5962706500123347,143.926020726259,145.52229137627134,0.9527777777777777,0.047222222222222214,0.2611111111111111
v2x_hotspot_hard,none,follow_tea,39,-65.15603534671781,0.08007394928372724,1.1201663316416812,143.1936204875585,144.31378681920015,0.9777777777777779,0.022222222222222223,0.15069444444444444
v2x_hotspot_hard,none,follow_tea,40,-127.18551714137791,0.17411968692977065,2.11705996188986,147.96393492679206,150.0809948886819,0.9583333333333335,0.04166666666666666,0.34375
v2x_hotspot_hard,none,predict_tea,1,-33.57818449071374,0.06974513536598619,1.1701448371379468,147.8277137948191,148.997858631957,0.9972222222222221,0.0027777777777777775,0.13194444444444442
v2x_hotspot_hard,none,predict_tea,2,-10.341789875598534,0.01649678055063306,0.30679717107575666,146.4581654079453,146.76496257902107,1.0,0.0,0.03194444444444444
v2x_hotspot_hard,none,predict_tea,3,-57.23604745283102,0.05758876965821418,0.7271853891233591,149.40916047334048,150.13634586246386,0.9777777777777777,0.02222222222222222,0.12013888888888892
v2x_hotspot_hard,none,predict_tea,4,-87.15921693700548,0.10729215723743483,1.4457836431305735,149.68889407450115,151.13467771763183,0.9694444444444444,0.030555555555555555,0.20277777777777778
v2x_hotspot_hard,none,predict_tea,5,-104.82190157607509,0.10102159835905683,1.1333873179154366,147.33748490923927,148.47087222715476,0.9555555555555556,0.04444444444444444,0.1944444444444444
v2x_hotspot_hard,none,predict_tea,6,-98.00400198383883,0.11518369853123783,1.4314240935340878,149.83092632623917,151.2623504197732,0.9638888888888889,0.03611111111111111,0.21388888888888888
v2x_hotspot_hard,none,predict_tea,7,-109.91759070108077,0.10402151496476893,1.0421932208343327,147.95265057129865,148.99484379213294,0.9527777777777777,0.047222222222222214,0.19375
v2x_hotspot_hard,none,predict_tea,8,-99.83014911777043,0.143380997642557,1.8049779127698098,138.62802096889453,140.43299888166436,0.9694444444444444,0.030555555555555555,0.28125
v2x_hotspot_hard,none,predict_tea,9,-135.7436513440509,0.15357005046166913,1.7425210580896306,146.87191820357793,148.61443926166754,0.9472222222222222,0.05277777777777778,0.2833333333333333
v2x_hotspot_hard,none,predict_tea,10,-148.35173442909593,0.17719538193256842,2.339828724208823,149.706735721501,152.0465644457098,0.9444444444444444,0.05555555555555555,0.3527777777777778
v2x_hotspot_hard,none,predict_tea,11,-71.24134858846413,0.10773954114648368,1.5013330161934426,147.00245950814104,148.50379252433456,0.9805555555555555,0.01944444444444444,0.22916666666666666
v2x_hotspot_hard,none,predict_tea,12,-71.11552974692259,0.09623456076024155,1.2615606211265928,147.77470182006073,149.0362624411873,0.9777777777777777,0.02222222222222222,0.1881944444444445
v2x_hotspot_hard,none,predict_tea,13,-134.26439129803364,0.172495162598411,2.244135862086052,136.62695622476932,138.87109208685533,0.9527777777777777,0.047222222222222214,0.31597222222222227
v2x_hotspot_hard,none,predict_tea,14,-40.66326386569463,0.04526512301618654,0.6223649986566554,144.97162099692594,145.59398599558253,0.986111111111111,0.013888888888888888,0.08402777777777778
v2x_hotspot_hard,none,predict_tea,15,-57.93142605898029,0.08173805077690927,1.0709014502743046,149.12002452615826,150.19092597643257,0.9833333333333333,0.016666666666666666,0.15277777777777776
v2x_hotspot_hard,none,predict_tea,16,-58.86253884053511,0.09562008571707983,1.401981133026039,146.57495161318639,147.97693274621244,0.986111111111111,0.013888888888888888,0.1993055555555556
v2x_hotspot_hard,none,predict_tea,17,-45.626581964782886,0.058860566764229696,0.8601608408278699,147.0324368145123,147.89259765534013,0.986111111111111,0.013888888888888888,0.11944444444444445
v2x_hotspot_hard,none,predict_tea,18,-66.5958268364435,0.061450221415126204,0.7077039061083891,148.4172003271606,149.12490423326898,0.9722222222222222,0.027777777777777776,0.11458333333333333
v2x_hotspot_hard,none,predict_tea,19,-123.81954009528293,0.16459674163673574,2.167991011733403,149.98911252353392,152.15710353526734,0.9583333333333334,0.04166666666666666,0.3166666666666666
v2x_hotspot_hard,none,predict_tea,20,-59.775572801641765,0.06481560755267773,0.8641526934285023,147.20098339583117,148.0651360892596,0.9777777777777779,0.02222222222222222,0.10902777777777775
v2x_hotspot_hard,none,predict_tea,21,-170.3882159128272,0.1495749086889929,1.4617595727942094,149.91319992019666,151.37495949299083,0.9222222222222224,0.07777777777777778,0.2854166666666667
v2x_hotspot_hard,none,predict_tea,22,-65.95137505547015,0.10413569055856889,1.4261329144495538,147.32474889839523,148.7508818128448,0.9833333333333333,0.016666666666666666,0.20625
v2x_hotspot_hard,none,predict_tea,23,-96.86457410970854,0.10131523060776286,1.2681702187007984,145.1015328117629,146.3697030304637,0.9611111111111111,0.03888888888888888,0.18680555555555553
v2x_hotspot_hard,none,predict_tea,24,-48.85261600562501,0.0789640552153966,1.1563482465028798,146.3621893562387,147.5185376027416,0.9888888888888888,0.01111111111111111,0.1451388888888889
v2x_hotspot_hard,none,predict_tea,25,-112.80858571959945,0.1567824697652313,1.994306147973763,143.568913989232,145.56322013720578,0.9638888888888889,0.03611111111111111,0.3131944444444445
v2x_hotspot_hard,none,predict_tea,26,-193.3595930648237,0.21355824624175693,2.4366860478325387,146.85079454520712,149.2874805930397,0.9222222222222222,0.07777777777777777,0.39305555555555555
v2x_hotspot_hard,none,predict_tea,27,-41.63949271492821,0.05879448925018434,0.8422060093190572,148.27368015274308,149.1158861620621,0.9888888888888888,0.01111111111111111,0.11666666666666667
v2x_hotspot_hard,none,predict_tea,28,-39.29984547918456,0.06341332656953809,0.9452608232973682,148.08966964839752,149.03493047169488,0.9916666666666667,0.008333333333333333,0.14791666666666667
v2x_hotspot_hard,none,predict_tea,29,-23.06098430330568,0.04043799326720485,0.6853269420590633,149.42489729500548,150.11022423706456,0.9972222222222221,0.0027777777777777775,0.07777777777777777
v2x_hotspot_hard,none,predict_tea,30,-77.4511235839086,0.11409653094000452,1.7823542917745185,144.0967272251244,145.87908151689896,0.9777777777777777,0.02222222222222222,0.21458333333333332
v2x_hotspot_hard,none,predict_tea,31,-113.3990497121308,0.14682368483818298,1.912721717675362,149.50471729515485,151.41743901283022,0.9611111111111111,0.03888888888888888,0.28055555555555556
v2x_hotspot_hard,none,predict_tea,32,-60.38088371635068,0.0775068168154006,1.024523476495908,148.25646528371908,149.28098876021497,0.9805555555555555,0.019444444444444445,0.17013888888888887
v2x_hotspot_hard,none,predict_tea,33,-78.78938073337457,0.08427371183902813,1.1545370198623308,147.20694535761965,148.36148237748202,0.9694444444444444,0.03055555555555555,0.1486111111111111
v2x_hotspot_hard,none,predict_tea,34,-104.61844922611995,0.11143598915524627,1.3745863795509237,148.67518462815866,150.04977100770958,0.9583333333333334,0.04166666666666666,0.21944444444444441
v2x_hotspot_hard,none,predict_tea,35,-123.00717395754998,0.1514592536012963,1.978529977601075,147.4162253918416,149.39475536944275,0.9555555555555555,0.04444444444444444,0.27708333333333335
v2x_hotspot_hard,none,predict_tea,36,-141.39446804002677,0.15804754475682953,1.9306943591719725,147.98103655976522,149.91173091893725,0.9444444444444445,0.055555555555555546,0.2784722222222223
v2x_hotspot_hard,none,predict_tea,37,-83.80157574861543,0.09827632161040419,1.3241125441198385,146.07921975154437,147.40333229566428,0.9694444444444446,0.030555555555555558,0.19930555555555554
v2x_hotspot_hard,none,predict_tea,38,-116.55729598090107,0.13364944430930345,1.5556594477569348,146.5608748706381,148.11653431839505,0.9555555555555556,0.04444444444444444,0.26180555555555557
v2x_hotspot_hard,none,predict_tea,39,-65.13621079928893,0.07996324863166838,1.127478435131202,143.8538979611458,144.98137639627703,0.9777777777777779,0.022222222222222223,0.14930555555555555
v2x_hotspot_hard,none,predict_tea,40,-123.46581291900806,0.17561643206616223,2.1998859041791183,139.26335993547676,141.46324583965594,0.9611111111111111,0.03888888888888888,0.3402777777777778
v2x_hotspot_hard,none,lyapunov,1,-43.95366668877908,0.07047838005507931,1.143168654162648,84.90516031085518,86.04832896501783,0.9888888888888888,0.01111111111111111,0.13541666666666669
v2x_hotspot_hard,none,lyapunov,2,-7.782920199817117,0.014841699561210545,0.28861192604400543,81.04166666666667,81.33027859271066,1.0,0.0,0.034027777777777775
v2x_hotspot_hard,none,lyapunov,3,-65.62876031353677,0.06402168733452206,0.8234291036275365,85.20833333333333,86.03176243696086,0.9722222222222222,0.02777777777777778,0.11875000000000001
v2x_hotspot_hard,none,lyapunov,4,-135.71749459528093,0.11423168983852836,1.261208447024965,85.20833333333334,86.4695417803583,0.9361111111111113,0.06388888888888887,0.20486111111111108
v2x_hotspot_hard,none,lyapunov,5,-136.98918482882402,0.10658389947479144,1.0493672633034803,86.25000000000001,87.29936726330351,0.9333333333333335,0.06666666666666665,0.1979166666666666
v2x_hotspot_hard,none,lyapunov,6,-151.09869637102716,0.12343398757343131,1.4570281530628924,87.29166666666667,88.74869481972954,0.9277777777777778,0.07222222222222222,0.21180555555555552
v2x_hotspot_hard,none,lyapunov,7,-145.2965111057778,0.1073347290582318,1.104417762006399,87.42920373180549,88.53362149381188,0.9277777777777778,0.07222222222222222,0.1909722222222222
v2x_hotspot_hard,none,lyapunov,8,-132.36395767588303,0.14895809293444076,1.8461762347296997,89.4552977480825,91.30147398281221,0.9472222222222223,0.05277777777777777,0.2784722222222222
v2x_hotspot_hard,none,lyapunov,9,-159.13570899185333,0.1569405225596117,1.7210560765619343,86.18297293654068,87.9040290131026,0.9305555555555556,0.06944444444444443,0.2861111111111111
v2x_hotspot_hard,none,lyapunov,10,-157.85997468299576,0.17563974621555184,2.1893308805851586,85.46620396598288,87.65553484656805,0.9361111111111112,0.06388888888888888,0.3597222222222222
v2x_hotspot_hard,none,lyapunov,11,-90.66441834660714,0.11111939869566036,1.4189957696887676,87.29549810262445,88.7144938723132,0.9666666666666667,0.03333333333333333,0.2340277777777778
v2x_hotspot_hard,none,lyapunov,12,-96.96153024752593,0.09561909866495516,1.0770459755862556,83.5447782958158,84.62182427140206,0.9583333333333335,0.04166666666666666,0.19722222222222222
v2x_hotspot_hard,none,lyapunov,13,-220.6300807958296,0.18315538343685714,1.9442325667138065,87.86052605198817,89.80475861870198,0.8944444444444444,0.10555555555555554,0.3222222222222222
v2x_hotspot_hard,none,lyapunov,14,-38.37305119607389,0.04392850471016937,0.6054833470975025,84.6875,85.29298334709749,0.986111111111111,0.013888888888888888,0.0875
v2x_hotspot_hard,none,lyapunov,15,-122.97962934324694,0.08999235664604341,0.871031689043773,85.20833333333333,86.07936502237713,0.9388888888888889,0.0611111111111111,0.16041666666666668
v2x_hotspot_hard,none,lyapunov,16,-75.44617363094767,0.10219672041287062,1.4837163847303612,87.02809302574421,88.51180941047458,0.975,0.025,0.1965277777777778
v2x_hotspot_hard,none,lyapunov,17,-52.88083169200325,0.06200558702017193,0.8680118841415653,84.42600027390357,85.29401215804515,0.9805555555555555,0.01944444444444444,0.11944444444444444
v2x_hotspot_hard,none,lyapunov,18,-89.91743243667186,0.06479416471652949,0.655271290708306,85.72916666666669,86.38443795737501,0.9555555555555556,0.04444444444444444,0.12013888888888888
v2x_hotspot_hard,none,lyapunov,19,-146.37428051725797,0.1660431044989094,2.06229186641354,84.56313805527137,86.62542992168491,0.9416666666666668,0.05833333333333333,0.32083333333333347
v2x_hotspot_hard,none,lyapunov,20,-121.5458412054915,0.0750478622499461,0.6411931836976359,83.64583333333333,84.28702651703097,0.9361111111111111,0.06388888888888888,0.11736111111111111
v2x_hotspot_hard,none,lyapunov,21,-222.7316058208707,0.1556557147395034,1.5182838216489367,88.33333333333333,89.85161715498226,0.8861111111111113,0.11388888888888891,0.28194444444444444
v2x_hotspot_hard,none,lyapunov,22,-126.41395789801662,0.11053703353099138,1.2517506014051054,86.10244362725186,87.354194228657,0.9416666666666667,0.05833333333333333,0.21180555555555552
v2x_hotspot_hard,none,lyapunov,23,-114.981257205967,0.10108252520882346,1.1766043596842504,85.20833333333331,86.38493769301758,0.9472222222222224,0.052777777777777764,0.1944444444444444
v2x_hotspot_hard,none,lyapunov,24,-122.92724507723435,0.08979737437756997,0.9438433769715174,85.72916666666666,86.6730100436382,0.9388888888888889,0.06111111111111111,0.15069444444444446
v2x_hotspot_hard,none,lyapunov,25,-140.3043216911794,0.15998087278806836,2.0201895191014425,88.35339339672525,90.37358291582669,0.9444444444444444,0.055555555555555546,0.3145833333333333
v2x_hotspot_hard,none,lyapunov,26,-249.7073632386386,0.219297657732228,2.3410796606532642,89.66580217389888,92.00688183455216,0.8833333333333333,0.11666666666666667,0.39791666666666664
v2x_hotspot_hard,none,lyapunov,27,-56.53355323673419,0.061072689836082834,0.7461631914796919,84.16666666666667,84.91282985814635,0.9777777777777777,0.02222222222222222,0.12083333333333333
v2x_hotspot_hard,none,lyapunov,28,-50.72818753625132,0.06690167526530945,0.9748892444297609,87.14459211356734,88.1194813579971,0.9833333333333335,0.016666666666666666,0.14930555555555552
v2x_hotspot_hard,none,lyapunov,29,-20.94039126107422,0.04015878543482995,0.6909501511819148,82.08333333333333,82.77428348451525,0.9972222222222221,0.0027777777777777775,0.07916666666666668
v2x_hotspot_hard,none,lyapunov,30,-108.98137512246389,0.11758467792940133,1.5922022626469523,86.77083333333333,88.36303559598028,0.9555555555555556,0.04444444444444444,0.2236111111111111
v2x_hotspot_hard,none,lyapunov,31,-160.95927059701634,0.15082318261683783,1.7617651965038257,87.0023966353199,88.76416183182374,0.9277777777777779,0.07222222222222222,0.2847222222222222
v2x_hotspot_hard,none,lyapunov,32,-58.976987346704405,0.07889371526186323,1.075199386169352,84.76646236161834,85.8416617477877,0.9805555555555555,0.019444444444444445,0.17222222222222222
v2x_hotspot_hard,none,lyapunov,33,-97.60603179783877,0.08625056405424157,1.0665175036110288,84.12777377344938,85.19429127706043,0.9555555555555555,0.04444444444444444,0.1527777777777778
v2x_hotspot_hard,none,lyapunov,34,-159.3147856073826,0.12409460909372236,1.253377788084476,86.77083333333333,88.02421112141779,0.9222222222222224,0.07777777777777778,0.2208333333333333
v2x_hotspot_hard,none,lyapunov,35,-174.95385990547405,0.15637998054782784,1.798063608534158,86.77083333333333,88.5688969418675,0.9194444444444443,0.08055555555555555,0.28125
v2x_hotspot_hard,none,lyapunov,36,-185.61809515729425,0.16349025634226508,1.777842824562197,90.2755863113993,92.05342913596148,0.9138888888888891,0.08611111111111111,0.2840277777777778
v2x_hotspot_hard,none,lyapunov,37,-95.51362705106128,0.10228712655074737,1.342049759741048,88.33333333333333,89.67538309307442,0.9611111111111111,0.03888888888888888,0.20416666666666664
v2x_hotspot_hard,none,lyapunov,38,-169.75723738744608,0.14208777449888566,1.5034677912233836,85.35115113701764,86.85461892824102,0.9194444444444444,0.08055555555555555,0.26111111111111107
v2x_hotspot_hard,none,lyapunov,39,-76.36486138225135,0.08249271196871578,1.1036691171224235,87.81249999999997,88.91616911712244,0.9694444444444447,0.030555555555555558,0.1520833333333333
v2x_hotspot_hard,none,lyapunov,40,-144.12247280553078,0.18149513557195723,2.3907999875382666,90.41666666666669,92.8074666542049,0.9472222222222223,0.05277777777777777,0.33472222222222225
v2x_hotspot_hard,none,ppo,1,-51.71651186600836,0.0759469269972957,1.1991129457561482,144.65482528697353,145.8539382327297,0.986111111111111,0.013888888888888888,0.13194444444444445
v2x_hotspot_hard,none,ppo,2,-14.953336058763925,0.018161158121524988,0.3060581219891807,146.87124637850846,147.1773045004976,0.9972222222222222,0.0027777777777777775,0.027083333333333334
v2x_hotspot_hard,none,ppo,3,-58.0813697769849,0.060112035981314746,0.9141982844457573,147.1203625059404,148.03456079038614,0.9777777777777777,0.02222222222222222,0.11527777777777778
v2x_hotspot_hard,none,ppo,4,-102.45503945542414,0.11672062712206752,1.6312943605278023,146.22249535546788,147.8537897159957,0.961111111111111,0.03888888888888888,0.19513888888888883
v2x_hotspot_hard,none,ppo,5,-119.07236681168855,0.10704412642821952,1.2481864086413241,149.96785684234288,151.2160432509842,0.9472222222222222,0.05277777777777778,0.1951388888888889
v2x_hotspot_hard,none,ppo,6,-116.13947767396783,0.12119616634703105,1.8223724091180324,148.4728872254369,150.29525963455492,0.9527777777777778,0.04722222222222221,0.19999999999999998
v2x_hotspot_hard,none,ppo,7,-131.93040040479022,0.10955326828430664,1.227559442961507,148.47990130503342,149.70746074799501,0.9388888888888889,0.0611111111111111,0.18680555555555553
v2x_hotspot_hard,none,ppo,8,-119.66221499874057,0.15321852873244554,2.1894856102256304,147.9286695584475,150.11815516867313,0.9583333333333334,0.041666666666666664,0.2659722222222222
v2x_hotspot_hard,none,ppo,9,-149.87443328311912,0.15947490727502436,2.3341192880559016,146.4481028489559,148.78222213701173,0.9388888888888889,0.06111111111111111,0.26736111111111105
v2x_hotspot_hard,none,ppo,10,-169.2749616563655,0.18003389221269658,2.560935589073951,146.19774640408065,148.75868199315462,0.9305555555555555,0.06944444444444443,0.34513888888888894
v2x_hotspot_hard,none,ppo,11,-88.97198196765598,0.11263194211501497,1.7550894507915902,145.72767075756127,147.48276020835277,0.9694444444444444,0.030555555555555555,0.22291666666666668
v2x_hotspot_hard,none,ppo,12,-92.73322867756329,0.10054813810558579,1.3464830150375173,149.8501489700434,151.19663198508087,0.9638888888888889,0.03611111111111111,0.1833333333333333
v2x_hotspot_hard,none,ppo,13,-161.90419719259523,0.18161572490441627,2.6588384764013853,148.09236909044552,150.75120756684692,0.9361111111111111,0.06388888888888888,0.3020833333333333
v2x_hotspot_hard,none,ppo,14,-58.253668408273306,0.04969209275106682,0.6392090613136465,144.84462486832814,145.48383392964178,0.975,0.025,0.08333333333333333
v2x_hotspot_hard,none,ppo,15,-85.11170370585685,0.09053616686927429,1.3547535290245303,149.2680342349124,150.622787763937,0.9666666666666667,0.03333333333333333,0.14166666666666666
v2x_hotspot_hard,none,ppo,16,-73.17558233246469,0.10202951036167954,1.4849872457338598,146.68029949626802,148.16528674200183,0.9777777777777777,0.02222222222222222,0.19791666666666666
v2x_hotspot_hard,none,ppo,17,-50.32204415882893,0.060728313069480885,0.8807276978039371,147.78098742938954,148.66171512719347,0.9833333333333333,0.016666666666666666,0.11875
v2x_hotspot_hard,none,ppo,18,-67.70604039329703,0.0648493819137732,0.9236695742200087,144.41842723706947,145.3420968112895,0.9722222222222222,0.027777777777777776,0.09930555555555556
v2x_hotspot_hard,none,ppo,19,-158.69692144049364,0.17278136274528905,2.472103706528903,147.38225803312397,149.85436173965283,0.9361111111111112,0.06388888888888887,0.30277777777777787
v2x_hotspot_hard,none,ppo,20,-74.63462457918529,0.07257903140748624,0.8562587138782473,149.34951703579608,150.20577574967436,0.9694444444444447,0.03055555555555556,0.11388888888888891
v2x_hotspot_hard,none,ppo,21,-196.65672904223743,0.1560552970643218,1.5493803216129263,147.678022981107,149.2274033027199,0.9055555555555557,0.09444444444444446,0.2777777777777778
v2x_hotspot_hard,none,ppo,22,-83.6312106010683,0.10883733270693224,1.785900168272579,146.5397940508183,148.32569421909088,0.9722222222222222,0.02777777777777778,0.19305555555555554
v2x_hotspot_hard,none,ppo,23,-114.42598784676291,0.10526319592475904,1.5339632232246125,149.50728057176445,151.04124379498904,0.9500000000000003,0.04999999999999998,0.17638888888888885
v2x_hotspot_hard,none,ppo,24,-61.4786366373746,0.08095620800773648,1.218310862888718,143.261747623427,144.48005848631573,0.9805555555555555,0.01944444444444444,0.14583333333333334
v2x_hotspot_hard,none,ppo,25,-147.7088901893557,0.1646449449414132,2.5724288102525508,145.31790487131377,147.89033368156637,0.9416666666666668,0.05833333333333333,0.29444444444444445
v2x_hotspot_hard,none,ppo,26,-239.9957225315332,0.2214861246331312,3.144460370394514,138.87946174980482,142.0239221201994,0.8916666666666667,0.10833333333333334,0.36944444444444446
v2x_hotspot_hard,none,ppo,27,-55.249441676051504,0.06349206989279224,1.051118092112681,145.35876572943053,146.4098838215432,0.9805555555555555,0.01944444444444444,0.10902777777777777
v2x_hotspot_hard,none,ppo,28,-39.75556329577572,0.06475689763124265,1.0270445376483428,147.07562707996385,148.10267161761217,0.9916666666666667,0.008333333333333333,0.14652777777777776
v2x_hotspot_hard,none,ppo,29,-28.027717041318343,0.04315110297306677,0.6916614312442362,149.08567093589934,149.77733236714363,0.9944444444444444,0.005555555555555555,0.0763888888888889
v2x_hotspot_hard,none,ppo,30,-108.44356457631432,0.12207389803369109,1.7196642970397786,148.179045175811,149.89870947285075,0.9583333333333334,0.04166666666666666,0.2173611111111111
v2x_hotspot_hard,none,ppo,31,-147.39067410917676,0.15228587318091372,2.340299210757741,149.9183595908356,152.25865880159333,0.9388888888888889,0.0611111111111111,0.26736111111111105
v2x_hotspot_hard,none,ppo,32,-66.07765308071664,0.0823692624049128,1.2702781716066882,146.22034232666167,147.49062049826827,0.9777777777777777,0.02222222222222222,0.16319444444444445
v2x_hotspot_hard,none,ppo,33,-100.62131196153551,0.0894674438826874,1.1924038529241627,145.90866827267791,147.101072125602,0.9555555555555555,0.04444444444444444,0.14652777777777776
v2x_hotspot_hard,none,ppo,34,-131.4298195206353,0.11936287362385394,1.518169360509467,147.12133117441877,148.63950053492826,0.9416666666666668,0.05833333333333333,0.2145833333333333
v2x_hotspot_hard,none,ppo,35,-149.12112862124508,0.15747733677077325,2.047532271235323,145.59538052098785,147.64291279222314,0.9388888888888889,0.0611111111111111,0.2743055555555555
v2x_hotspot_hard,none,ppo,36,-171.5864453427178,0.16412246467559505,2.1814927008029525,147.89710928264896,150.07860198345185,0.9250000000000002,0.075,0.2743055555555555
v2x_hotspot_hard,none,ppo,37,-84.9149302998518,0.10102355232577467,1.586028674422654,149.96235341134127,151.5483820857639,0.9694444444444446,0.030555555555555558,0.1958333333333333
v2x_hotspot_hard,none,ppo,38,-131.56969326579926,0.14186153821761474,2.002737931778737,147.9819123168199,149.9846502485986,0.9472222222222223,0.05277777777777777,0.24583333333333332
v2x_hotspot_hard,none,ppo,39,-87.29243458212835,0.08552444975588483,1.0336310845274932,149.08745791579972,150.12108900032723,0.9638888888888889,0.03611111111111111,0.15624999999999997
v2x_hotspot_hard,none,ppo,40,-179.0065265921129,0.18481319076892547,2.9109027297627486,146.21502778022844,149.1259305099912,0.9250000000000002,0.075,0.3222222222222222
v2x_hotspot_hard,none,dqn,1,-154.91983334800042,0.1119965061111479,1.7978538094212224,84.90518445681695,86.70303826623817,0.9222222222222223,0.07777777777777778,0.5361111111111111
v2x_hotspot_hard,none,dqn,2,-24.682236233709133,0.028438152011294824,0.4417169881003434,81.04166666666667,81.48338365476702,0.9916666666666667,0.008333333333333333,0.42638888888888893
v2x_hotspot_hard,none,dqn,3,-135.70773724865404,0.0919517646760923,1.628398842027405,85.20833333333333,86.83673217536074,0.9305555555555556,0.06944444444444443,0.570138888888889
v2x_hotspot_hard,none,dqn,4,-285.19131007280953,0.1959873952309358,2.65325965575392,85.20833333333333,87.86159298908724,0.8527777777777779,0.1472222222222222,0.5291666666666667
v2x_hotspot_hard,none,dqn,5,-274.53032794704194,0.18852041054805704,2.5160049913829496,86.25000000000003,88.76600499138297,0.8583333333333333,0.14166666666666666,0.5555555555555555
v2x_hotspot_hard,none,dqn,6,-353.1705154766015,0.25116218172463106,4.446001857810045,87.29166666666669,91.73766852447672,0.8194444444444444,0.18055555555555552,0.4881944444444445
v2x_hotspot_hard,none,dqn,7,-263.9710661714073,0.1590534121151217,2.9653904524474983,87.42920321300402,90.39459366545152,0.8583333333333331,0.14166666666666664,0.56875
v2x_hotspot_hard,none,dqn,8,-399.41885503251905,0.3016284976727217,4.964541641162512,89.45532070347711,94.41986234463963,0.8,0.2,0.6041666666666666
v2x_hotspot_hard,none,dqn,9,-445.97216638377745,0.2867671442379334,5.016830685798673,86.18298458491368,91.19981527071235,0.7638888888888888,0.23611111111111113,0.5666666666666667
v2x_hotspot_hard,none,dqn,10,-487.10557465148923,0.3565030646529313,6.682776136146957,85.46626974498817,92.14904588113511,0.7527777777777779,0.2472222222222222,0.5576388888888889
v2x_hotspot_hard,none,dqn,11,-364.1744144579263,0.24836016850615747,4.862872569819921,87.29558728716627,92.1584598569862,0.8111111111111112,0.18888888888888886,0.5083333333333333
v2x_hotspot_hard,none,dqn,12,-215.29611272562454,0.16853892925217107,3.858494865613054,83.5447782958158,87.40327316142884,0.8944444444444445,0.10555555555555557,0.5416666666666666
v2x_hotspot_hard,none,dqn,13,-481.93787024734524,0.28643840960075884,6.140883117065892,87.86054325200163,94.0014263690675,0.7388888888888888,0.2611111111111111,0.5736111111111111
v2x_hotspot_hard,none,dqn,14,-69.40492303467084,0.06342374841583216,1.0582868323758026,84.6875,85.74578683237581,0.9694444444444444,0.030555555555555555,0.48472222222222217
v2x_hotspot_hard,none,dqn,15,-190.84946624583208,0.11174808051288648,2.1302420397631585,85.2083333333333,87.33857537309648,0.8972222222222224,0.1027777777777778,0.5465277777777777
v2x_hotspot_hard,none,dqn,16,-246.58239996912826,0.19965186967567386,3.229487556815972,87.02807530604127,90.25756286285723,0.8805555555555556,0.11944444444444444,0.5222222222222223
v2x_hotspot_hard,none,dqn,17,-156.43145415108162,0.09401173202358756,1.8150204790981916,84.42600027390357,86.24102075300175,0.9166666666666666,0.08333333333333333,0.5291666666666667
v2x_hotspot_hard,none,dqn,18,-152.70248638987255,0.08363471526896346,0.7371297681878929,85.72916666666667,86.46629643485457,0.9166666666666665,0.08333333333333331,0.5111111111111111
v2x_hotspot_hard,none,dqn,19,-354.8344395720037,0.30038219611651223,5.331829385598658,84.56313628304264,89.8949656686413,0.8305555555555557,0.1694444444444444,0.5736111111111112
v2x_hotspot_hard,none,dqn,20,-172.04049262993516,0.09295630446393775,2.2282674305846686,83.64583333333333,85.87410076391801,0.9055555555555554,0.09444444444444441,0.573611111111111
v2x_hotspot_hard,none,dqn,21,-430.11408639638546,0.3313066085039127,6.456911165894668,88.3333333333333,94.79024449922798,0.7861111111111111,0.2138888888888889,0.49583333333333335
v2x_hotspot_hard,none,dqn,22,-314.49905386400445,0.21055970531409995,3.816223366704439,86.10244166424432,89.91866503094876,0.8361111111111111,0.16388888888888886,0.5402777777777779
v2x_hotspot_hard,none,dqn,23,-307.78479440868426,0.2252665440772905,4.4196180286543685,85.20833333333333,89.62795136198771,0.8444444444444446,0.1555555555555555,0.44375
v2x_hotspot_hard,none,dqn,24,-265.74351180246816,0.20855956962861855,3.006391205516107,85.72916666666667,88.73555787218281,0.8694444444444447,0.13055555555555556,0.65625
v2x_hotspot_hard,none,dqn,25,-415.8958125574954,0.3141197106531781,5.403811027956754,88.35341305041503,93.7572240783718,0.7916666666666667,0.20833333333333331,0.5347222222222222
v2x_hotspot_hard,none,dqn,26,-685.0509228413981,0.48360449702739966,8.777661543905472,89.66580217389887,98.44346371780433,0.6472222222222223,0.3527777777777778,0.5020833333333333
v2x_hotspot_hard,none,dqn,27,-144.73580355943292,0.09485744460962281,2.070783332289507,84.16666666666667,86.23744999895617,0.925,0.07499999999999998,0.6041666666666666
v2x_hotspot_hard,none,dqn,28,-157.57404706374862,0.14136677542753337,2.255671547653083,87.14459211356734,89.40026366122042,0.9277777777777777,0.07222222222222223,0.5395833333333333
v2x_hotspot_hard,none,dqn,29,-79.32768487591815,0.06899147433299715,0.9418038679728774,82.08333333333333,83.02513720130622,0.9638888888888888,0.03611111111111111,0.48680555555555555
v2x_hotspot_hard,none,dqn,30,-311.83054682475307,0.2142241279008471,3.5578593482715912,86.77083333333333,90.32869268160492,0.838888888888889,0.16111111111111104,0.5881944444444444
v2x_hotspot_hard,none,dqn,31,-466.80109721159323,0.3666228358103741,6.89349371397698,87.00238361464334,93.89587732862032,0.7694444444444443,0.2305555555555556,0.5875
v2x_hotspot_hard,none,dqn,32,-227.23712598077682,0.19053235747411038,3.416105683758896,84.76647065281271,88.18257633657161,0.8916666666666667,0.10833333333333334,0.5305555555555556
v2x_hotspot_hard,none,dqn,33,-190.01471410339894,0.10953402702879632,1.9543879309048553,84.12775783683874,86.08214576774358,0.8972222222222224,0.10277777777777779,0.5520833333333334
v2x_hotspot_hard,none,dqn,34,-364.3874499293684,0.271227865532867,4.74311125120835,86.77083333333333,91.51394458454169,0.8166666666666667,0.18333333333333332,0.46458333333333335
v2x_hotspot_hard,none,dqn,35,-460.9654305564292,0.3282679816992315,6.194404823527758,86.77083333333331,92.96523815686105,0.7638888888888888,0.23611111111111116,0.44999999999999996
v2x_hotspot_hard,none,dqn,36,-440.32404645579606,0.3372589221432702,6.7522761351774045,90.27554000545007,97.02781614062746,0.7805555555555553,0.2194444444444445,0.5180555555555555
v2x_hotspot_hard,none,dqn,37,-225.601234936773,0.15246355472930148,2.14517447414925,88.33333333333333,90.47850780748259,0.8833333333333333,0.11666666666666664,0.5347222222222221
v2x_hotspot_hard,none,dqn,38,-454.114841994952,0.3315567446085796,6.46263321925851,85.35116464285414,91.81379786211264,0.7694444444444445,0.23055555555555554,0.4597222222222222
v2x_hotspot_hard,none,dqn,39,-251.6981861193704,0.191572110823388,3.2617074316927597,87.81249999999999,91.07420743169276,0.875,0.125,0.49166666666666664
v2x_hotspot_hard,none,dqn,40,-420.7280197354649,0.30517703372172567,5.05958652145653,90.41666666666667,95.47625318812321,0.786111111111111,0.21388888888888893,0.5944444444444444
v2x_hotspot_hard,none,td3,1,-210.03277041938264,0.12674670866705096,2.2457367644994757,144.5527732103104,146.79850997480978,0.8888888888888891,0.11111111111111112,0.36919678159885944
v2x_hotspot_hard,none,td3,2,-21.019435793347128,0.023986497337222284,0.401077857098699,145.74214720780486,146.1432250649036,0.9944444444444444,0.005555555555555555,0.4567422601083914
v2x_hotspot_hard,none,td3,3,-135.3627133893764,0.08620570241673578,0.7886839783844618,143.50000000000006,144.28868397838454,0.9305555555555555,0.06944444444444443,0.5522784888744355
v2x_hotspot_hard,none,td3,4,-305.7526669941613,0.18126133043058157,2.9711397321995094,146.98179490619935,149.9529346383989,0.8361111111111111,0.16388888888888886,0.41050963376959165
v2x_hotspot_hard,none,td3,5,-240.9636636075575,0.13455930283820744,2.5705658584069537,148.17325366835394,150.74381952676086,0.8694444444444446,0.13055555555555556,0.4934790677494473
v2x_hotspot_hard,none,td3,6,-274.5298730308503,0.18342356607986915,3.6537515248088988,146.259223211771,149.91297473657994,0.8583333333333336,0.14166666666666664,0.503267070899407
v2x_hotspot_hard,none,td3,7,-347.4945075648795,0.1861120566219478,4.987682874931486,144.81788982434543,149.80557269927695,0.8083333333333332,0.1916666666666667,0.4164105896320608
v2x_hotspot_hard,none,td3,8,-485.38529949380205,0.26891379115738306,3.7242519372127316,148.82023730092595,152.5444892381387,0.7333333333333333,0.26666666666666666,0.5717987338701885
v2x_hotspot_hard,none,td3,9,-428.23993808701283,0.2213319485721512,5.744769321124077,146.2697840468236,152.01455336794763,0.7611111111111111,0.23888888888888887,0.4849339727726248
v2x_hotspot_hard,none,td3,10,-584.2937668576589,0.3989738669649669,8.246579638872454,147.19257870348915,155.43915834236154,0.6972222222222223,0.3027777777777778,0.49547876732216944
v2x_hotspot_hard,none,td3,11,-362.0613958706307,0.23756279929824303,4.269850277901231,147.02308716420632,151.29293744210756,0.8111111111111113,0.18888888888888883,0.4147371091776424
v2x_hotspot_hard,none,td3,12,-309.49891708755484,0.22466291562896798,4.084112400775939,149.9248029701027,154.00891537087864,0.8444444444444446,0.15555555555555553,0.41843283573786416
v2x_hotspot_hard,none,td3,13,-579.9464489001575,0.29834328443621755,7.928883437306438,143.50000000000003,151.4288834373065,0.675,0.32499999999999996,0.4238227660457294
v2x_hotspot_hard,none,td3,14,-104.60939305520472,0.0670961739765026,1.2963152975104903,147.19603215794936,148.49234745545982,0.9472222222222223,0.05277777777777778,0.4962227686411805
v2x_hotspot_hard,none,td3,15,-272.64638283939325,0.13358936840588811,4.316797828745389,147.49020928037191,151.8070071091173,0.8472222222222224,0.15277777777777773,0.4457017681664891
v2x_hotspot_hard,none,td3,16,-312.1218056290417,0.18797000985591766,3.7452412246525437,144.67482813905835,148.4200693637109,0.8333333333333335,0.16666666666666663,0.4558003192974462
v2x_hotspot_hard,none,td3,17,-149.14560236165056,0.11288026490712372,2.0641080033387254,148.22612516619535,150.290233169534,0.9277777777777778,0.07222222222222223,0.5232893818782436
v2x_hotspot_hard,none,td3,18,-184.0661191054081,0.09884736228231301,2.452779532654309,146.9161765931945,149.36895612584885,0.8999999999999999,0.09999999999999999,0.5280733034014702
v2x_hotspot_hard,none,td3,19,-558.0003284920257,0.37072455577592195,7.8162804231275365,143.50000000000003,151.31628042312758,0.7083333333333331,0.2916666666666666,0.5810251738462183
v2x_hotspot_hard,none,td3,20,-218.50897595850643,0.1613795749719534,3.724593938979575,143.35303834779364,147.07763228677322,0.8916666666666664,0.10833333333333331,0.5380800995561812
v2x_hotspot_hard,none,td3,21,-523.5881871099821,0.29720989033017453,4.599306181281861,148.48824685602625,153.0875530373081,0.7138888888888889,0.2861111111111111,0.5901908550825384
v2x_hotspot_hard,none,td3,22,-325.1992009208464,0.23542978811214565,4.391725098849908,143.7575149169482,148.1492400157981,0.836111111111111,0.16388888888888886,0.5116513753102885
v2x_hotspot_hard,none,td3,23,-336.6848514381086,0.16724695028076259,3.9437758628216977,145.25453537164503,149.19831123446681,0.8111111111111113,0.18888888888888886,0.5458336196839809
v2x_hotspot_hard,none,td3,24,-286.4513481258428,0.22777241044036842,4.039498266034931,144.40318064430372,148.4426789103386,0.861111111111111,0.13888888888888887,0.4761660623881553
v2x_hotspot_hard,none,td3,25,-494.99238767337386,0.3065128102059051,7.180595027167599,147.74527161443103,154.92586664159865,0.7361111111111112,0.2638888888888889,0.5272622724374135
v2x_hotspot_hard,none,td3,26,-710.6723037966375,0.5163972219108992,9.941065947912117,149.0357310092095,158.9767969571216,0.6388888888888888,0.36111111111111105,0.5640877905819152
v2x_hotspot_hard,none,td3,27,-167.42587537664338,0.10792845797807396,2.6565866045825675,149.7310968799737,152.38768348455628,0.913888888888889,0.08611111111111111,0.45725640075074303
v2x_hotspot_hard,none,td3,28,-190.7560446498174,0.139690489629434,2.322273086551038,146.59333968748675,148.91561277403787,0.9055555555555554,0.09444444444444441,0.50099116563797
v2x_hotspot_hard,none,td3,29,-120.07978722146805,0.0877343015892263,1.5186064297679531,148.32934854845283,149.8479549782208,0.9416666666666667,0.05833333333333333,0.4123637903067801
v2x_hotspot_hard,none,td3,30,-396.9884163702089,0.2344384102067564,3.529114791127627,149.49050840142488,153.0196231925525,0.7861111111111111,0.2138888888888889,0.47222812589671875
v2x_hotspot_hard,none,td3,31,-422.3458552002149,0.26073005560358825,5.679165146827766,143.755340950611,149.43450609743874,0.7749999999999999,0.22500000000000003,0.5523797040184338
v2x_hotspot_hard,none,td3,32,-228.72257151886134,0.16705040981987526,3.777797187941905,149.03633560226697,152.8141327902089,0.8861111111111112,0.1138888888888889,0.4887803179522356
v2x_hotspot_hard,none,td3,33,-260.5433660353425,0.1556616209739705,3.0463472714676456,147.12640221896902,150.17274949043662,0.861111111111111,0.13888888888888887,0.4542543695204788
v2x_hotspot_hard,none,td3,34,-378.4262514782164,0.2385673011179724,4.87282543618741,146.5279437553585,151.4007691915459,0.8,0.19999999999999998,0.48279584753844473
v2x_hotspot_hard,none,td3,35,-480.4840684181739,0.2772296533056849,7.067578219041525,148.97886271853858,156.04644093758014,0.7388888888888888,0.2611111111111111,0.4425355220006571
v2x_hotspot_hard,none,td3,36,-410.12380864772297,0.2708671741200578,4.323982300968944,149.39688318243543,153.7208654834044,0.7861111111111112,0.21388888888888888,0.5826351121068001
v2x_hotspot_hard,none,td3,37,-317.5328357986771,0.21411274154691926,3.476192914105636,144.93210181210085,148.4082947262065,0.836111111111111,0.16388888888888886,0.6137582641508844
v2x_hotspot_hard,none,td3,38,-458.3398072890491,0.26037506440992797,5.67849998964081,147.8143033928594,153.4928033825002,0.75,0.25,0.5221702275176844
v2x_hotspot_hard,none,td3,39,-304.62353636958767,0.17786869930028218,3.769542976567251,149.2572777396359,153.02682071620316,0.836111111111111,0.16388888888888886,0.4647917405598694
v2x_hotspot_hard,none,td3,40,-569.4573861801559,0.29156318611839704,5.449123426910213,144.37218249086064,149.82130591777093,0.6805555555555554,0.31944444444444436,0.5422965262499121
v2x_hotspot_hard,none,sac,1,-209.49590807411212,0.1589842133493664,2.5436762119702796,139.50936606603798,142.05304227800826,0.8972222222222223,0.10277777777777779,0.6198599446150991
v2x_hotspot_hard,none,sac,2,-33.628613058025635,0.025410557579661867,0.2637824552111425,149.09662852303424,149.36041097824537,0.986111111111111,0.013888888888888888,0.5630070656538009
v2x_hotspot_hard,none,sac,3,-146.68460930916584,0.0953991224246188,1.3697244256273318,143.32778345114153,144.69750787676887,0.9250000000000002,0.07499999999999998,0.618749478790495
v2x_hotspot_hard,none,sac,4,-307.6869231829566,0.20896749300151196,3.9436186269349727,144.6772381201436,148.62085674707856,0.8416666666666669,0.15833333333333327,0.6071027163830068
v2x_hotspot_hard,none,sac,5,-355.0201523932732,0.2292644052531216,4.009003531198965,145.4898798737793,149.4988834049782,0.8138888888888889,0.1861111111111111,0.6504521499077478
v2x_hotspot_hard,none,sac,6,-263.93512424489575,0.18721611829555315,2.377608489855435,148.86644679336374,151.24405528321918,0.8666666666666669,0.13333333333333336,0.5925125526885192
v2x_hotspot_hard,none,sac,7,-336.4088896306767,0.1664829660867551,5.211041923707721,143.9563527244542,149.16739464816192,0.8111111111111111,0.1888888888888889,0.474759103026655
v2x_hotspot_hard,none,sac,8,-477.17605817646484,0.27949769708382266,4.977438536934944,146.91880233935385,151.89624087628883,0.7416666666666666,0.25833333333333336,0.565731987522708
v2x_hotspot_hard,none,sac,9,-434.7470837119312,0.2734335121475429,5.207195667427526,138.49344895977126,143.7006446271988,0.7694444444444445,0.23055555555555554,0.6044819647239313
v2x_hotspot_hard,none,sac,10,-550.8876583643869,0.37288541903088335,6.766803873535091,148.19677990208862,154.9635837756238,0.7138888888888889,0.28611111111111115,0.6298449793623553
v2x_hotspot_hard,none,sac,11,-338.2453061387026,0.20466531692738413,3.5717801132944778,148.62128804818252,152.1930681614771,0.8194444444444443,0.18055555555555555,0.6142916556033824
v2x_hotspot_hard,none,sac,12,-296.24386391574757,0.21030784482380083,3.9912277190468743,147.11009825359628,151.10132597264308,0.8500000000000001,0.14999999999999997,0.5973549655742115
v2x_hotspot_hard,none,sac,13,-352.52373352779176,0.24431255711103167,3.9884423153730215,148.38532327864024,152.37376559401324,0.8194444444444443,0.1805555555555556,0.7141085601515241
v2x_hotspot_hard,none,sac,14,-141.8488827333067,0.07093085661175787,0.7332344916904823,143.05924394410516,143.79247843579563,0.9222222222222223,0.07777777777777778,0.6020968149105708
v2x_hotspot_hard,none,sac,15,-202.84736188943714,0.11871789535748287,2.0642944233929614,134.89969093471592,136.96398535810889,0.8916666666666667,0.10833333333333334,0.660302262670464
v2x_hotspot_hard,none,sac,16,-187.85681321391425,0.14263159063229944,2.0423192225229334,148.27236698702615,150.3146862095491,0.9083333333333334,0.09166666666666669,0.5928823180496692
v2x_hotspot_hard,none,sac,17,-144.9151454103675,0.11448923221636696,1.5421581760187275,121.75856890649376,123.30072708251252,0.9305555555555557,0.06944444444444443,0.6610694886081749
v2x_hotspot_hard,none,sac,18,-196.12562640046752,0.0990067161036019,3.5522268710317038,145.8880599013309,149.44028677236264,0.8916666666666667,0.10833333333333334,0.4629585348069668
v2x_hotspot_hard,none,sac,19,-513.1898969229579,0.2569757126845275,6.18602821850305,149.76865033243178,155.95467855093477,0.7111111111111109,0.28888888888888886,0.5264181340734164
v2x_hotspot_hard,none,sac,20,-181.94999939571755,0.09346378517584916,1.108931873289247,142.32562587377362,143.43455774706294,0.8999999999999999,0.09999999999999996,0.6335110050936539
v2x_hotspot_hard,none,sac,21,-384.297758103181,0.23449152407983037,3.491454291559338,125.86886018984396,129.36031448140324,0.7944444444444445,0.20555555555555555,0.6244818238748444
v2x_hotspot_hard,none,sac,22,-351.9068069552345,0.17604377894771356,4.971708293423174,146.06317617516834,151.03488446859154,0.8027777777777778,0.19722222222222222,0.4876465559833579
v2x_hotspot_hard,none,sac,23,-242.5286198393863,0.1622743677718882,3.8729105224021496,133.1220041944803,136.9949147168824,0.8750000000000001,0.12500000000000003,0.6366290217472449
v2x_hotspot_hard,none,sac,24,-213.14888138561227,0.13504530414916271,2.777398798492706,148.30833093196253,151.08572973045526,0.8888888888888888,0.1111111111111111,0.5010159657233291
v2x_hotspot_hard,none,sac,25,-342.3442783293793,0.23856666943472,4.049466242445943,144.62644485355767,148.67591109600363,0.8250000000000001,0.17499999999999996,0.7110189205242529
v2x_hotspot_hard,none,sac,26,-625.4590628227634,0.4039118186108579,8.138552538432734,126.8883848900549,135.02693742848763,0.6694444444444444,0.33055555555555555,0.6391313532988232
v2x_hotspot_hard,none,sac,27,-156.02458975484046,0.13338837115122132,2.561923173752763,130.93061483960804,133.49253801336084,0.9277777777777778,0.07222222222222222,0.5311208851635455
v2x_hotspot_hard,none,sac,28,-146.68430188127428,0.10608313268196416,1.2678132609702109,148.54465726460208,149.81247052557237,0.9277777777777777,0.07222222222222222,0.5485318296485477
v2x_hotspot_hard,none,sac,29,-71.21190067582931,0.06319550495538216,0.9302488530243005,147.78704754336644,148.71729639639068,0.9694444444444444,0.030555555555555555,0.6307825693653689
v2x_hotspot_hard,none,sac,30,-426.45463598034627,0.2827995593485104,5.217913166590962,149.67524066282377,154.8931538294147,0.7777777777777779,0.2222222222222222,0.566713497787714
v2x_hotspot_hard,none,sac,31,-400.6017340612356,0.29024619079581454,6.253468913537864,130.85004357787415,137.103512491412,0.7972222222222223,0.2027777777777778,0.609156170901325
v2x_hotspot_hard,none,sac,32,-176.9186880809005,0.1344227411011719,2.6181146740665384,148.26526147521886,150.88337614928543,0.9138888888888891,0.08611111111111112,0.700107140176826
v2x_hotspot_hard,none,sac,33,-236.2777955302938,0.14377111045469262,3.6695718973611497,147.00362032278755,150.6731922201487,0.8749999999999999,0.125,0.5217965281671948
v2x_hotspot_hard,none,sac,34,-295.79861889004394,0.1978430724700295,4.05670728429926,148.4470527434759,152.5037600277751,0.8472222222222222,0.15277777777777773,0.5849922681848209
v2x_hotspot_hard,none,sac,35,-428.48483504513956,0.26723108405273727,4.651372456669283,138.0701204151328,142.72149287180213,0.7722222222222221,0.2277777777777778,0.5820782147347927
v2x_hotspot_hard,none,sac,36,-467.37560107175955,0.26436716649663794,4.559866297761141,135.55417146790012,140.11403776566124,0.7444444444444446,0.25555555555555554,0.6014932253294522
v2x_hotspot_hard,none,sac,37,-256.47485164219853,0.16717338970619214,2.962617553567035,140.11842737874403,143.08104493231104,0.8666666666666667,0.13333333333333333,0.624524474143982
v2x_hotspot_hard,none,sac,38,-403.50444291704065,0.25258541372692256,4.66778770722936,147.78867813771876,152.45646584494804,0.7861111111111112,0.21388888888888888,0.5405210896498627
v2x_hotspot_hard,none,sac,39,-199.43166510680985,0.11067453138498563,1.6421088380452789,117.98568476912291,119.62779360716821,0.8916666666666667,0.10833333333333334,0.6530661283267869
v2x_hotspot_hard,none,sac,40,-665.7121464442937,0.40331209154119047,8.14604833596177,142.51373464621855,150.6597829821804,0.6416666666666667,0.35833333333333334,0.5318413750992881
v2x_hotspot_hard,none,gdrl,1,-33.399262646846935,0.06952017429475318,1.1635112015349818,144.5698188229912,145.73333002452625,0.9972222222222221,0.0027777777777777775,0.13333333333333333
v2x_hotspot_hard,none,gdrl,2,-10.257915826289647,0.016400091715184344,0.31010960624912454,144.8193173545269,145.12942696077602,1.0,0.0,0.03194444444444445
v2x_hotspot_hard,none,gdrl,3,-53.08667298981003,0.05738187542080961,0.7459742083730312,146.89395373557971,147.63992794395273,0.9805555555555555,0.01944444444444444,0.12013888888888889
v2x_hotspot_hard,none,gdrl,4,-87.05416319113797,0.1071553261188942,1.3855256511178236,147.88933396008414,149.27485961120203,0.9694444444444444,0.030555555555555555,0.20555555555555555
v2x_hotspot_hard,none,gdrl,5,-104.78273041287947,0.10098631325594988,1.1276731159624538,146.46091490862102,147.58858802458346,0.9555555555555556,0.04444444444444444,0.1944444444444444
v2x_hotspot_hard,none,gdrl,6,-89.84548465995826,0.11491183290362202,1.4495737648308065,147.7912533903138,149.2408271551446,0.9694444444444446,0.030555555555555558,0.21527777777777776
v2x_hotspot_hard,none,gdrl,7,-109.83890189896448,0.10387865276069465,1.042969309500298,147.04326086097964,148.08623017047995,0.9527777777777777,0.047222222222222214,0.1930555555555556
v2x_hotspot_hard,none,gdrl,8,-99.74397203955829,0.14317179940606814,1.79664508754451,138.27416335824836,140.07080844579286,0.9694444444444444,0.030555555555555555,0.28125
v2x_hotspot_hard,none,gdrl,9,-135.69958298738615,0.153538040701558,1.7678249896734355,145.76178617116977,147.52961116084316,0.9472222222222222,0.05277777777777778,0.28194444444444444
v2x_hotspot_hard,none,gdrl,10,-148.17917611272907,0.17681525203874118,2.2622736112415227,148.5939056814995,150.85617929274105,0.9444444444444444,0.05555555555555555,0.3583333333333333
v2x_hotspot_hard,none,gdrl,11,-71.087110073098,0.10741214146136416,1.461112794341889,145.83019210588864,147.29130490023056,0.9805555555555555,0.01944444444444444,0.23125
v2x_hotspot_hard,none,gdrl,12,-71.067282710577,0.0961723286091027,1.2399024636076539,146.93491124639363,148.17481371000127,0.9777777777777777,0.02222222222222222,0.18819444444444447
v2x_hotspot_hard,none,gdrl,13,-130.10465503601282,0.17211554591343795,2.1999887192596246,135.90196151991327,138.10195023917294,0.9555555555555555,0.04444444444444444,0.31805555555555554
v2x_hotspot_hard,none,gdrl,14,-40.693584235677946,0.045051597035079084,0.6204890314249408,148.54648773689112,149.1669767683161,0.986111111111111,0.013888888888888888,0.08333333333333333
v2x_hotspot_hard,none,gdrl,15,-57.7869697901093,0.08140958677340573,1.0301377706601988,148.28714728544801,149.3172850561082,0.9833333333333333,0.016666666666666666,0.15486111111111114
v2x_hotspot_hard,none,gdrl,16,-54.69968688374179,0.09541211886810032,1.4511505719994335,143.59298580218967,145.04413637418912,0.9888888888888888,0.01111111111111111,0.19861111111111113
v2x_hotspot_hard,none,gdrl,17,-45.51249268212883,0.05882071191834114,0.8515813002968857,143.7162984172374,144.56787971753425,0.986111111111111,0.013888888888888888,0.12013888888888888
v2x_hotspot_hard,none,gdrl,18,-66.5180998781343,0.06136406420734182,0.6672505476600631,146.9006415687149,147.56789211637494,0.9722222222222222,0.027777777777777776,0.1152777777777778
v2x_hotspot_hard,none,gdrl,19,-123.75787841459008,0.16452883911374508,2.1014344697887397,148.81510998493923,150.91654445472798,0.9583333333333334,0.04166666666666666,0.31875
v2x_hotspot_hard,none,gdrl,20,-59.703982371873586,0.06479995414770917,0.8578816971418181,145.00874759280074,145.86662928994252,0.9777777777777779,0.02222222222222222,0.10972222222222221
v2x_hotspot_hard,none,gdrl,21,-158.22241588784007,0.14920336398926937,1.557881531251557,148.7489468588529,150.3068283901044,0.9305555555555556,0.06944444444444443,0.28125000000000006
v2x_hotspot_hard,none,gdrl,22,-61.74333961915798,0.10384710841450583,1.4328938501664488,143.84645914769672,145.27935299786313,0.986111111111111,0.013888888888888888,0.20624999999999996
v2x_hotspot_hard,none,gdrl,23,-96.94669528770477,0.10128385976841521,1.2627892240782794,148.22073647843106,149.4835257025093,0.9611111111111111,0.03888888888888888,0.18680555555555556
v2x_hotspot_hard,none,gdrl,24,-48.901851738338806,0.0788214073075724,1.138699644635359,149.73280394245643,150.87150358709178,0.9888888888888888,0.01111111111111111,0.14652777777777776
v2x_hotspot_hard,none,gdrl,25,-112.9859567794811,0.1568109770498537,2.0169216847573104,149.1165796997021,151.13350138445944,0.9638888888888889,0.03611111111111111,0.31250000000000006
v2x_hotspot_hard,none,gdrl,26,-185.1961720443266,0.21321244983450327,2.4096202504844086,145.58004987969767,147.98967013018208,0.9277777777777778,0.07222222222222223,0.3944444444444445
v2x_hotspot_hard,none,gdrl,27,-37.50629923430838,0.0587379296535583,0.8729837608714222,144.4818348733749,145.35481863424633,0.9916666666666667,0.008333333333333333,0.11666666666666668
v2x_hotspot_hard,none,gdrl,28,-39.24333293600031,0.06317005246237514,0.9364696588133131,149.1339986593617,150.070468318175,0.9916666666666667,0.008333333333333333,0.14930555555555552
v2x_hotspot_hard,none,gdrl,29,-22.9650095632863,0.04023553695923978,0.622024045330588,148.71851788666882,149.34054193199935,0.9972222222222221,0.0027777777777777775,0.08125
v2x_hotspot_hard,none,gdrl,30,-77.50933907322218,0.11380188581298425,1.7748909581742265,149.58044839342148,151.35533935159563,0.9777777777777777,0.02222222222222222,0.21597222222222223
v2x_hotspot_hard,none,gdrl,31,-109.26944217415232,0.1465715381653884,1.8146182122832712,148.30832960813282,150.12294782041607,0.9638888888888889,0.03611111111111111,0.2840277777777778
v2x_hotspot_hard,none,gdrl,32,-60.277140684298374,0.07746068434163698,1.0243419261790034,145.3521354507895,146.37647737696852,0.9805555555555555,0.019444444444444445,0.17013888888888887
v2x_hotspot_hard,none,gdrl,33,-78.65662139283307,0.08410932714179785,1.1487227045244892,144.76006468833702,145.9087873928615,0.9694444444444444,0.03055555555555555,0.14930555555555555
v2x_hotspot_hard,none,gdrl,34,-96.62421284924234,0.11139797647505716,1.3872861259095115,149.31075781481542,150.69804394072494,0.9638888888888889,0.03611111111111111,0.21944444444444441
v2x_hotspot_hard,none,gdrl,35,-114.91774189004865,0.15121572659343918,1.9832492071289427,147.35276133988887,149.33601054701782,0.961111111111111,0.03888888888888888,0.27777777777777773
v2x_hotspot_hard,none,gdrl,36,-141.2422507689569,0.15775368276492674,1.885999207163181,146.47816657894535,148.3641657861085,0.9444444444444445,0.055555555555555546,0.28055555555555556
v2x_hotspot_hard,none,gdrl,37,-75.83131330045357,0.09826312946576919,1.3672549720055565,147.18563478721617,148.55288975922173,0.975,0.025,0.1986111111111111
v2x_hotspot_hard,none,gdrl,38,-112.54035072496742,0.13362050887970142,1.5969474354531272,146.30197017371032,147.89891760916336,0.9583333333333334,0.041666666666666664,0.26041666666666663
v2x_hotspot_hard,none,gdrl,39,-65.29851900172054,0.07994075656442251,1.125541319714423,149.53601329789979,150.6615546176142,0.9777777777777779,0.022222222222222223,0.15
v2x_hotspot_hard,none,gdrl,40,-119.37475646033758,0.17538669104149773,2.1662742888809494,139.01864855773158,141.18492284661252,0.9638888888888889,0.03611111111111111,0.3423611111111111
v2x_hotspot_stress,none,random,1,-401.01393888715603,0.209099155565863,5.674573345613648,149.20356717244854,154.8781405180622,0.8458333333333333,0.15416666666666667,0.49693280915753696
v2x_hotspot_stress,none,random,2,-248.428012398173,0.12530136238369155,3.3988613990969734,139.37975373427162,142.7786151333686,0.9041666666666667,0.09583333333333334,0.49427416379746286
v2x_hotspot_stress,none,random,3,-254.35356367121548,0.11294970989410551,3.1105096050870054,134.8129211297384,137.92343073482542,0.8979166666666667,0.10208333333333333,0.4930149625924148
v2x_hotspot_stress,none,random,4,-251.9462943936078,0.11563770846174755,3.6992076918128776,144.30727004048657,148.00647773229946,0.9,0.1,0.514635742758099
v2x_hotspot_stress,none,random,5,-435.392116055669,0.222536565117684,6.495511909574472,145.9899813964522,152.4854933060267,0.83125,0.16875,0.5166744317188786
v2x_hotspot_stress,none,random,6,-442.5020347915645,0.2205039145386169,6.389801225634338,148.94872587530753,155.3385271009419,0.8270833333333333,0.17291666666666666,0.5059963570268027
v2x_hotspot_stress,none,random,7,-206.62608839249225,0.11273220677434377,3.409834069674632,147.07780395723287,150.48763802690752,0.9229166666666667,0.07708333333333334,0.4850457419696687
v2x_hotspot_stress,none,random,8,-393.4136410837003,0.19389055228184846,5.691160220793434,139.1813727263104,144.87253294710388,0.8458333333333333,0.15416666666666667,0.4730260857783496
v2x_hotspot_stress,none,random,9,-445.33772213895844,0.24359094842638118,6.958078591494982,140.17748455168896,147.13556314318393,0.83125,0.16875,0.5021941902054303
v2x_hotspot_stress,none,random,10,-637.0379874784742,0.3424585595930903,10.870694821084742,144.39193430527163,155.26262912635636,0.75625,0.24375,0.518993181398574
v2x_hotspot_stress,none,random,11,-729.8043138529556,0.32733720339055666,10.877808100088986,145.20406608285614,156.08187418294517,0.7041666666666667,0.29583333333333334,0.5286387482872409
v2x_hotspot_stress,none,random,12,-365.57553569783016,0.1856334882980885,5.741591590473769,143.307118901116,149.0487104915898,0.8583333333333333,0.14166666666666666,0.48422814871205233
v2x_hotspot_stress,none,random,13,-722.8597191395448,0.3800033407486508,12.174853136676921,136.4289995364007,148.60385267307765,0.7208333333333333,0.2791666666666667,0.49491718000956764
v2x_hotspot_stress,none,random,14,-268.22771627195226,0.13279217299992516,4.08305246767215,145.49938859860046,149.58244106627257,0.8958333333333334,0.10416666666666667,0.4894374927422774
v2x_hotspot_stress,none,random,15,-215.52826796340406,0.10618894795929723,3.0157880430899087,148.90331005495761,151.91909809804753,0.9166666666666666,0.08333333333333333,0.5013072539183917
v2x_hotspot_stress,none,random,16,-656.9687540683124,0.3340906045363369,10.555214681945284,142.95358168040977,153.50879636235507,0.74375,0.25625,0.4926990679214922
v2x_hotspot_stress,none,random,17,-522.1664866566147,0.27013699916361295,9.161578931561781,140.8626563377892,150.02423526935095,0.7979166666666667,0.20208333333333334,0.4832741629965289
v2x_hotspot_stress,none,random,18,-422.9599131925121,0.18840337467169282,5.715494251323703,145.16095075199152,150.87644500331527,0.8291666666666667,0.17083333333333334,0.5007372301844939
v2x_hotspot_stress,none,random,19,-468.8640532374905,0.23472843675817556,6.741570188165241,133.0718829307112,139.81345311887645,0.8166666666666667,0.18333333333333332,0.5015909035029011
v2x_hotspot_stress,none,random,20,-226.83676734674674,0.10493891373502552,3.0465610583211027,145.82306407282812,148.86962513114915,0.9104166666666667,0.08958333333333333,0.4849888268272693
v2x_hotspot_stress,none,random,21,-543.7999515215777,0.3065667582773195,9.530136062659015,145.40011555281941,154.93025161547848,0.7958333333333333,0.20416666666666666,0.49481636770502413
v2x_hotspot_stress,none,random,22,-316.3187272217987,0.1667106802745711,5.539340958862469,137.71401537462447,143.2533563334869,0.8791666666666667,0.12083333333333333,0.5028863898071871
v2x_hotspot_stress,none,random,23,-553.6960978103629,0.30215871797227656,9.47843255518894,145.8520069004813,155.33043945567024,0.7895833333333333,0.21041666666666667,0.48921292255541354
v2x_hotspot_stress,none,random,24,-204.72046578346965,0.10166662163457714,2.760632183976956,127.92228111177869,130.6829132957557,0.9208333333333333,0.07916666666666666,0.48450492129317535
v2x_hotspot_stress,none,random,25,-647.4856259198627,0.34804850159195205,10.274529902020884,137.1369752888343,147.4115051908552,0.7520833333333333,0.24791666666666667,0.5134307786563534
v2x_hotspot_stress,none,random,26,-650.1532722042901,0.34454957192530145,10.562075436037695,148.42051390214814,158.9825893381859,0.75,0.25,0.48972645426548866
v2x_hotspot_stress,none,random,27,-213.463519181811,0.1105251805999055,3.209420309894914,143.83832948531725,147.04774979521207,0.91875,0.08125,0.5001710183598904
v2x_hotspot_stress,none,random,28,-689.7032284400002,0.33543375134328923,10.407283767501509,146.09364273987265,156.50092650737412,0.7270833333333333,0.27291666666666664,0.5066898242924008
v2x_hotspot_stress,none,random,29,-364.49477040069854,0.19230002337862598,5.856934227858688,133.83503840407408,139.69197263193277,0.8604166666666667,0.13958333333333334,0.5089508231918357
v2x_hotspot_stress,none,random,30,-535.9875059312376,0.3069000867915695,8.7197048481703,147.1291041946415,155.84880904281178,0.8,0.2,0.49881180119876267
v2x_hotspot_stress,none,random,31,-314.40774436848267,0.17079985513090717,4.7671438914419015,142.69331963013207,147.46046352157398,0.88125,0.11875,0.49830306049228645
v2x_hotspot_stress,none,random,32,-264.4714765940296,0.1335017944736607,3.820180986856554,142.53366056889007,146.35384155574664,0.8979166666666667,0.10208333333333333,0.5015594780232656
v2x_hotspot_stress,none,random,33,-502.77825137488566,0.24596427609000449,8.271059428869709,148.9089022939125,157.17996172278222,0.8020833333333334,0.19791666666666666,0.4906713703270994
v2x_hotspot_stress,none,random,34,-440.08130933585267,0.23229760898379778,6.627174664037718,145.9880594569536,152.61523412099135,0.83125,0.16875,0.517884004281229
v2x_hotspot_stress,none,random,35,-574.0515639660164,0.3111314577501628,9.754556008556763,147.19425218938298,156.9488081979398,0.78125,0.21875,0.4970364990645241
v2x_hotspot_stress,none,random,36,-528.8576328496124,0.25067721760747824,9.354875507861841,141.73073775955945,151.08561326742128,0.7895833333333333,0.21041666666666667,0.4959279586014475
v2x_hotspot_stress,none,random,37,-564.9290083128336,0.2758060446706011,8.821139871728176,142.5824224931048,151.40356236483296,0.7770833333333333,0.22291666666666668,0.5153337244791097
v2x_hotspot_stress,none,random,38,-444.82611753597087,0.21767523033374775,6.532067019991351,138.20149883907405,144.73356585906538,0.825,0.175,0.4935069857837581
v2x_hotspot_stress,none,random,39,-281.32152224410197,0.1358466293971081,3.9803427280050623,133.19099505499852,137.17133778300365,0.8895833333333333,0.11041666666666666,0.495627584101431
v2x_hotspot_stress,none,random,40,-495.1293150642216,0.2640591305846742,7.37771574359824,138.6533637090004,146.03107945259865,0.8104166666666667,0.18958333333333333,0.5021899636212411
v2x_hotspot_stress,none,greedy_partial,1,-138.72606790264732,0.0916690173811272,2.4957192650201487,88.33559939185531,90.83131865687545,0.9520833333333333,0.04791666666666667,0.74
v2x_hotspot_stress,none,greedy_partial,2,-109.37833286155127,0.06391632610772155,1.410955506188806,88.53892215530816,89.94987766149694,0.9604166666666667,0.03958333333333333,0.75
v2x_hotspot_stress,none,greedy_partial,3,-107.11123651434497,0.05936368983713373,1.2476026499314303,85.97457710076144,87.22217975069286,0.9604166666666667,0.03958333333333333,0.75
v2x_hotspot_stress,none,greedy_partial,4,-128.29742678601755,0.061896574092180204,1.5463211502486909,84.68938624211945,86.23570739236817,0.95,0.05,0.75
v2x_hotspot_stress,none,greedy_partial,5,-172.90605030704108,0.10448234530416,2.7668165464547063,89.05066882168897,91.8174853681437,0.9375,0.0625,0.75
v2x_hotspot_stress,none,greedy_partial,6,-237.61929520220795,0.10627939482249651,2.547842829782612,84.2916800838705,86.8395229136531,0.9041666666666667,0.09583333333333334,0.75
v2x_hotspot_stress,none,greedy_partial,7,-103.7667651486215,0.05238809400471096,1.2477233407118224,86.10161087129656,87.34933421200837,0.9604166666666667,0.03958333333333333,0.75
v2x_hotspot_stress,none,greedy_partial,8,-203.72991086811643,0.09417450964341394,2.3653954191182236,81.83947922347274,84.20487464259097,0.91875,0.08125,0.75
v2x_hotspot_stress,none,greedy_partial,9,-241.97197261365284,0.10715276167070191,2.773574251875217,81.84799280531948,84.62156705719467,0.9020833333333333,0.09791666666666667,0.745
v2x_hotspot_stress,none,greedy_partial,10,-310.4019670631733,0.1327615440830781,3.9074006146978078,85.30679616182758,89.2141967765254,0.8729166666666667,0.12708333333333333,0.745
v2x_hotspot_stress,none,greedy_partial,11,-364.9434564602321,0.1626973807898854,4.983196807569711,89.97392589533504,94.95712270290475,0.8520833333333333,0.14791666666666667,0.7300000000000001
v2x_hotspot_stress,none,greedy_partial,12,-164.7189987898342,0.07965545697910084,2.2505983783876897,80.56204961713759,82.81264799552531,0.9354166666666667,0.06458333333333334,0.75
v2x_hotspot_stress,none,greedy_partial,13,-356.7649208464512,0.16216246924602984,4.746524793356082,92.81799548520675,97.56452027856284,0.85625,0.14375,0.735
v2x_hotspot_stress,none,greedy_partial,14,-159.82661950883724,0.06919213350636712,1.7037729408008857,85.44274125189972,87.14651419270061,0.9354166666666667,0.06458333333333334,0.75
v2x_hotspot_stress,none,greedy_partial,15,-142.96883108166656,0.058976379720452395,1.3113768676457982,87.36091699400137,88.67229386164716,0.9416666666666667,0.058333333333333334,0.75
v2x_hotspot_stress,none,greedy_partial,16,-284.91845545671634,0.13811889985539214,4.0183501566769575,83.361100714257,87.37945087093394,0.8875,0.1125,0.73
v2x_hotspot_stress,none,greedy_partial,17,-290.4709606513616,0.12459171814940302,3.4691591911086612,85.42870546383007,88.89786465493874,0.88125,0.11875,0.75
v2x_hotspot_stress,none,greedy_partial,18,-174.80932473211803,0.10037385194776155,2.6569631268309126,85.00556344625342,87.6625265730843,0.9354166666666667,0.06458333333333334,0.735
v2x_hotspot_stress,none,greedy_partial,19,-228.6085844961332,0.11258247304874512,2.930702130330095,82.70254562752186,85.63324775785192,0.9104166666666667,0.08958333333333333,0.75
v2x_hotspot_stress,none,greedy_partial,20,-113.4949998575792,0.055820859888546084,1.3135154308936734,88.71938827167527,90.03290370256892,0.95625,0.04375,0.75
v2x_hotspot_stress,none,greedy_partial,21,-261.66711489172616,0.11458932677138862,3.3636609476148163,85.44427376770565,88.80793471532043,0.89375,0.10625,0.745
v2x_hotspot_stress,none,greedy_partial,22,-170.37697129289316,0.07446897997513864,2.1727651507433987,85.55593167680935,87.72869682755275,0.93125,0.06875,0.75
v2x_hotspot_stress,none,greedy_partial,23,-275.85959999669046,0.1190885170417234,3.471259657118142,86.43246756499047,89.90372722210859,0.8875,0.1125,0.75
v2x_hotspot_stress,none,greedy_partial,24,-94.02569969513847,0.048470364214038004,1.1953315291867164,90.80216421748752,91.99749574667423,0.9645833333333333,0.035416666666666666,0.75
v2x_hotspot_stress,none,greedy_partial,25,-308.5152297396064,0.13746113127239978,4.0453093427197,80.41758161909674,84.46289096181643,0.875,0.125,0.74
v2x_hotspot_stress,none,greedy_partial,26,-339.8848670916685,0.14438759724581812,4.092114328531974,81.86856612732903,85.960680455861,0.8604166666666667,0.13958333333333334,0.75
v2x_hotspot_stress,none,greedy_partial,27,-108.75255412568667,0.05390154093283494,1.3491597148211514,94.64465621604177,95.99381593086295,0.9583333333333334,0.041666666666666664,0.75
v2x_hotspot_stress,none,greedy_partial,28,-292.7527291872665,0.15422011985211595,4.318977565624885,86.58341104273576,90.90238860836062,0.8875,0.1125,0.7150000000000001
v2x_hotspot_stress,none,greedy_partial,29,-212.24423579413894,0.09470687666465895,2.4499246257241643,90.38124187769724,92.83116650342139,0.9145833333333333,0.08541666666666667,0.745
v2x_hotspot_stress,none,greedy_partial,30,-252.7928310394509,0.12916800313277174,3.593938578209076,89.47904594580523,93.07298452401429,0.9020833333333333,0.09791666666666667,0.75
v2x_hotspot_stress,none,greedy_partial,31,-158.41449523727186,0.08290824252389255,2.1661893823414005,85.11843814444121,87.28462752678266,0.9395833333333333,0.06041666666666667,0.75
v2x_hotspot_stress,none,greedy_partial,32,-104.0279360050874,0.06158080417663224,1.6095264363821897,80.69547357374849,82.30500001013064,0.9625,0.0375,0.75
v2x_hotspot_stress,none,greedy_partial,33,-257.28945585161034,0.12218390368961278,3.306255323340864,84.73314736319847,88.03940268653933,0.8979166666666667,0.10208333333333333,0.745
v2x_hotspot_stress,none,greedy_partial,34,-211.82648758776125,0.10275807792809746,2.6125580554716885,80.8077813536781,83.42033940914975,0.9166666666666666,0.08333333333333333,0.75
v2x_hotspot_stress,none,greedy_partial,35,-336.5504128653664,0.13689269655943134,4.03617374264363,90.69444348533489,94.7306172279785,0.8604166666666667,0.13958333333333334,0.74
v2x_hotspot_stress,none,greedy_partial,36,-274.29127638424956,0.12427824143956505,3.6035764182915355,84.32044002365404,87.92401644194555,0.8895833333333333,0.11041666666666666,0.75
v2x_hotspot_stress,none,greedy_partial,37,-224.36633590457765,0.128183785310467,3.7461639374838147,90.85780124763212,94.60396518511597,0.9166666666666666,0.08333333333333333,0.745
v2x_hotspot_stress,none,greedy_partial,38,-219.07170662523697,0.10076567532550788,2.732315408873431,87.4071002242333,90.13941563310674,0.9125,0.0875,0.75
v2x_hotspot_stress,none,greedy_partial,39,-194.62388980400488,0.0748309565610409,1.5616933126150971,88.60599517756062,90.16768849017573,0.91875,0.08125,0.75
v2x_hotspot_stress,none,greedy_partial,40,-220.15157228842065,0.11165063371112097,3.048864474735297,82.26007242801721,85.3089369027525,0.9145833333333333,0.08541666666666667,0.745
v2x_hotspot_stress,none,full_offload_tea,1,-114.59627760669183,0.09923327094226113,0.41033075462403823,98.39992105892583,98.81025181354991,0.9666666666666667,0.03333333333333333,0.22916666666666666
v2x_hotspot_stress,none,full_offload_tea,2,-132.38344955320068,0.07013242508897209,0.23498037706333588,90.42786997273902,90.66285034980234,0.95,0.05,0.15625
v2x_hotspot_stress,none,full_offload_tea,3,-146.2852372287457,0.06597801840718205,0.16768504954794478,87.02526139372827,87.19294644327623,0.9416666666666667,0.058333333333333334,0.14375
v2x_hotspot_stress,none,full_offload_tea,4,-151.16180645176505,0.0679498852148419,0.17272405308010366,84.68932756828487,84.86205162136497,0.9395833333333333,0.06041666666666667,0.14583333333333334
v2x_hotspot_stress,none,full_offload_tea,5,-205.29586748127707,0.11331774933873677,0.33831698591483617,96.4399429702013,96.77825995611616,0.9229166666666667,0.07708333333333334,0.24791666666666667
v2x_hotspot_stress,none,full_offload_tea,6,-255.9980279723265,0.11115722135465084,0.2823050217218778,87.80308571474919,88.08539073647107,0.8958333333333334,0.10416666666666667,0.23541666666666666
v2x_hotspot_stress,none,full_offload_tea,7,-110.04416457327466,0.057059956285000914,0.17951854914149287,88.33333333333333,88.51285188247483,0.9583333333333334,0.041666666666666664,0.13333333333333333
v2x_hotspot_stress,none,full_offload_tea,8,-260.79633545567566,0.10390313087682339,0.24025449334941223,97.18750000000001,97.42775449334941,0.8916666666666667,0.10833333333333334,0.20625
v2x_hotspot_stress,none,full_offload_tea,9,-202.48461782421376,0.10734800897579419,0.3566171944183426,98.22916666666664,98.58578386108498,0.9229166666666667,0.07708333333333334,0.23125
v2x_hotspot_stress,none,full_offload_tea,10,-260.80031551821907,0.13699396330300342,0.4142550081714774,101.02618275107724,101.44043775924874,0.9,0.1,0.2875
v2x_hotspot_stress,none,full_offload_tea,11,-360.1806158369228,0.16837700071929812,0.3867675612286215,111.60174882743017,111.98851638865881,0.85625,0.14375,0.3625
v2x_hotspot_stress,none,full_offload_tea,12,-180.4410234082389,0.08685693452627312,0.25983124025074184,91.3966632806757,91.65649452092643,0.9291666666666667,0.07083333333333333,0.17708333333333334
v2x_hotspot_stress,none,full_offload_tea,13,-312.9146659464634,0.16220547379674632,0.513784134171417,101.35416666666669,101.8679508008381,0.8791666666666667,0.12083333333333333,0.33541666666666664
v2x_hotspot_stress,none,full_offload_tea,14,-133.20100624421775,0.07190018121210205,0.25564208029061275,89.37500000000003,89.63064208029066,0.95,0.05,0.15208333333333332
v2x_hotspot_stress,none,full_offload_tea,15,-160.93190532402934,0.06335717282389441,0.15685616719225967,83.85855611814092,84.01541228533317,0.9333333333333333,0.06666666666666667,0.12916666666666668
v2x_hotspot_stress,none,full_offload_tea,16,-279.1054619743109,0.1415106818576473,0.36041361233268615,105.65074247567564,106.01115608800832,0.8916666666666667,0.10833333333333334,0.31666666666666665
v2x_hotspot_stress,none,full_offload_tea,17,-289.35626678168444,0.1303418526260325,0.3571719980505996,92.7154120415746,93.07258403962524,0.8833333333333333,0.11666666666666667,0.2604166666666667
v2x_hotspot_stress,none,full_offload_tea,18,-166.99838018464735,0.10063803046272161,0.3425495192900524,89.39496923207594,89.73751875136597,0.9395833333333333,0.06041666666666667,0.23125
v2x_hotspot_stress,none,full_offload_tea,19,-255.44276815495292,0.11781106616864134,0.30271313350461876,96.14583333333334,96.448546466838,0.8979166666666667,0.10208333333333333,0.24791666666666667
v2x_hotspot_stress,none,full_offload_tea,20,-138.8840367474853,0.05916814983829051,0.17332750352841023,82.60416666666667,82.77749417019507,0.94375,0.05625,0.11875
v2x_hotspot_stress,none,full_offload_tea,21,-221.23797010905378,0.11340961311113554,0.33191014995291696,93.04661704033694,93.37852719028992,0.9145833333333333,0.08541666666666667,0.23958333333333334
v2x_hotspot_stress,none,full_offload_tea,22,-192.10887535750734,0.07796364456177865,0.16919892845196516,89.37499999999997,89.54419892845196,0.9208333333333333,0.07916666666666666,0.15416666666666667
v2x_hotspot_stress,none,full_offload_tea,23,-274.50050972109125,0.12349732020663806,0.3098673968361723,107.0833333333333,107.39320073016947,0.8895833333333333,0.11041666666666666,0.25625
v2x_hotspot_stress,none,full_offload_tea,24,-119.84459698547474,0.052709527230155144,0.1132971666749966,84.6875,84.80079716667501,0.9520833333333333,0.04791666666666667,0.11041666666666666
v2x_hotspot_stress,none,full_offload_tea,25,-281.16138483124604,0.13844125098143711,0.35765160384261135,89.96182706803484,90.31947867187748,0.8895833333333333,0.11041666666666666,0.29583333333333334
v2x_hotspot_stress,none,full_offload_tea,26,-284.0288124757366,0.14400957287775976,0.39584459988109477,96.41140521384983,96.8072498137309,0.8895833333333333,0.11041666666666666,0.30416666666666664
v2x_hotspot_stress,none,full_offload_tea,27,-127.77604090832905,0.06063555377417174,0.17833655755515818,88.85416666666667,89.03250322422181,0.95,0.05,0.13333333333333333
v2x_hotspot_stress,none,full_offload_tea,28,-275.8496466945694,0.16003670313488463,0.49092791524610757,100.57671174557761,101.06763966082373,0.8979166666666667,0.10208333333333333,0.3541666666666667
v2x_hotspot_stress,none,full_offload_tea,29,-210.09603849771722,0.09902462825311206,0.2830632556100323,85.19083461850163,85.4738978741117,0.9166666666666666,0.08333333333333333,0.20416666666666666
v2x_hotspot_stress,none,full_offload_tea,30,-276.13339939680037,0.13595553816395048,0.3557324519321726,95.46897015154019,95.82470260347236,0.8916666666666667,0.10833333333333334,0.2875
v2x_hotspot_stress,none,full_offload_tea,31,-140.4961081334477,0.0868656993098302,0.33158215764051024,93.02083333333334,93.35241549097385,0.95,0.05,0.20208333333333334
v2x_hotspot_stress,none,full_offload_tea,32,-124.744362054521,0.07059320217777326,0.21275886573990993,95.10807477392146,95.32083363966134,0.9541666666666667,0.04583333333333333,0.16041666666666668
v2x_hotspot_stress,none,full_offload_tea,33,-185.36194698243665,0.12148314256792546,0.43353742142467533,101.23441423965325,101.66795166107795,0.9354166666666667,0.06458333333333334,0.2625
v2x_hotspot_stress,none,full_offload_tea,34,-268.59672708486926,0.11151173895126618,0.2911314139476829,102.07861486143271,102.36974627538038,0.8895833333333333,0.11041666666666666,0.2125
v2x_hotspot_stress,none,full_offload_tea,35,-287.32253170777875,0.1422414507838575,0.4004701744903893,101.15404087641534,101.55451105090576,0.8875,0.1125,0.28958333333333336
v2x_hotspot_stress,none,full_offload_tea,36,-203.2633035285282,0.12547363132571016,0.4654974818934817,100.73318559101907,101.19868307291253,0.9270833333333334,0.07291666666666667,0.25625
v2x_hotspot_stress,none,full_offload_tea,37,-235.46572174797836,0.13446446543871596,0.3864653558219014,97.03947922400138,97.42594457982328,0.9125,0.0875,0.3020833333333333
v2x_hotspot_stress,none,full_offload_tea,38,-201.1347054335257,0.10469877511932356,0.3514458750145677,95.62499999999999,95.97644587501456,0.9229166666666667,0.07708333333333334,0.21666666666666667
v2x_hotspot_stress,none,full_offload_tea,39,-152.1769127281837,0.07689493068492012,0.26569998073372497,108.64583333333336,108.91153331406707,0.9416666666666667,0.058333333333333334,0.15625
v2x_hotspot_stress,none,full_offload_tea,40,-227.88864424592117,0.11807860858426597,0.3243320775778918,106.70607210487235,107.03040418245021,0.9125,0.0875,0.25416666666666665
v2x_hotspot_stress,none,energy_guarded_tea,1,-101.786510859081,0.08985880432491047,1.230067161340869,87.24609227612427,88.47615943746513,0.9708333333333333,0.029166666666666667,0.19375
v2x_hotspot_stress,none,energy_guarded_tea,2,-90.92087920024116,0.05919993871403217,0.8853612976889054,82.61159261916858,83.49695391685749,0.96875,0.03125,0.12291666666666666
v2x_hotspot_stress,none,energy_guarded_tea,3,-72.68715812172918,0.054441766975229004,1.0036657873082915,84.16666666666667,85.17033245397495,0.9770833333333333,0.022916666666666665,0.109375
v2x_hotspot_stress,none,energy_guarded_tea,4,-107.13413542306803,0.05939290111345277,0.7472629536907263,86.77083333333334,87.51809628702406,0.9604166666666667,0.03958333333333333,0.12239583333333333
v2x_hotspot_stress,none,energy_guarded_tea,5,-151.36604804135388,0.10097140601059713,1.5417317929728789,95.1173734159356,96.65910520890847,0.9479166666666666,0.052083333333333336,0.20416666666666666
v2x_hotspot_stress,none,energy_guarded_tea,6,-198.29804870667542,0.0990198988516062,1.324642566437167,90.95859936371095,92.28324193014811,0.9229166666666667,0.07708333333333334,0.19427083333333334
v2x_hotspot_stress,none,energy_guarded_tea,7,-74.05209464607037,0.048671818117315684,0.7998983252948927,88.85416666666667,89.65406499196156,0.975,0.025,0.10520833333333333
v2x_hotspot_stress,none,energy_guarded_tea,8,-198.6260386356007,0.09179509121670759,1.1349579078883698,84.34487047814522,85.47982838603363,0.9208333333333333,0.07916666666666666,0.17083333333333334
v2x_hotspot_stress,none,energy_guarded_tea,9,-179.11780205378295,0.10058579233022255,1.426389613865815,93.12766822866956,94.5540578425354,0.9333333333333333,0.06666666666666667,0.19479166666666667
v2x_hotspot_stress,none,energy_guarded_tea,10,-272.9430330281226,0.12940520998668295,1.2635744838265281,93.02083333333333,94.28440781715986,0.8916666666666667,0.10833333333333334,0.2526041666666667
v2x_hotspot_stress,none,energy_guarded_tea,11,-290.3103932495953,0.15664489962134934,1.6036409755888228,102.4244067359999,104.0280477115887,0.8895833333333333,0.11041666666666666,0.32083333333333336
v2x_hotspot_stress,none,energy_guarded_tea,12,-155.66597918727985,0.07715280956218765,0.9835199143251908,86.77083333333333,87.75435324765849,0.9395833333333333,0.06041666666666667,0.15
v2x_hotspot_stress,none,energy_guarded_tea,13,-335.4016713818104,0.1589898726830441,1.5302497983095242,101.35416666666661,102.88441646497614,0.8666666666666667,0.13333333333333333,0.303125
v2x_hotspot_stress,none,energy_guarded_tea,14,-101.55750466780734,0.06419966924941259,0.9721142696422477,90.41666666666667,91.3887809363089,0.9645833333333333,0.035416666666666666,0.1265625
v2x_hotspot_stress,none,energy_guarded_tea,15,-97.10078175343702,0.05514306761095892,0.7533016954950081,86.9836749770636,87.7369766725586,0.9645833333333333,0.035416666666666666,0.1046875
v2x_hotspot_stress,none,energy_guarded_tea,16,-243.1629972531375,0.13414793623420881,1.419211957070447,90.98038340016969,92.39959535724013,0.9083333333333333,0.09166666666666666,0.27395833333333336
v2x_hotspot_stress,none,energy_guarded_tea,17,-268.9840916867494,0.12123146764064523,1.240230607584629,91.85934336707184,93.09957397465645,0.8916666666666667,0.10833333333333334,0.22708333333333333
v2x_hotspot_stress,none,energy_guarded_tea,18,-130.70231640436057,0.09209125851377062,1.2004105916883356,82.08333333333333,83.28374392502165,0.95625,0.04375,0.19791666666666666
v2x_hotspot_stress,none,energy_guarded_tea,19,-190.20396782956033,0.10731196569067189,1.4741432679262132,88.3333333333333,89.80747660125952,0.9291666666666667,0.07083333333333333,0.2078125
v2x_hotspot_stress,none,energy_guarded_tea,20,-107.19063344374456,0.051512940428592086,0.5849012673458153,81.5625,82.14740126734581,0.9583333333333334,0.041666666666666664,0.10104166666666667
v2x_hotspot_stress,none,energy_guarded_tea,21,-206.51487885760983,0.10800703021924979,1.237645078997238,87.81249999999999,89.05014507899723,0.9208333333333333,0.07916666666666666,0.20885416666666667
v2x_hotspot_stress,none,energy_guarded_tea,22,-153.89270079597804,0.07291389439075596,0.8427162805038796,95.62499999999999,96.46771628050384,0.9395833333333333,0.06041666666666667,0.13333333333333333
v2x_hotspot_stress,none,energy_guarded_tea,23,-258.6967554704374,0.11671629115092676,1.15468229522902,87.94317497118898,89.09785726641799,0.8958333333333334,0.10416666666666667,0.22447916666666667
v2x_hotspot_stress,none,energy_guarded_tea,24,-56.731181601932505,0.04575505215592073,0.8335522363522414,91.45833333333334,92.29188556968558,0.9833333333333333,0.016666666666666666,0.08697916666666666
v2x_hotspot_stress,none,energy_guarded_tea,25,-221.39790453580946,0.1295445010338658,1.423480012044638,105.79465463975133,107.21813465179599,0.91875,0.08125,0.26145833333333335
v2x_hotspot_stress,none,energy_guarded_tea,26,-281.84763177983467,0.13919166142766096,1.4932978125247842,99.69451200605585,101.18780981858062,0.8895833333333333,0.11041666666666666,0.2671875
v2x_hotspot_stress,none,energy_guarded_tea,27,-100.49632401047977,0.05396355836823412,0.7313664575801223,85.72916666666667,86.46053312424682,0.9625,0.0375,0.10885416666666667
v2x_hotspot_stress,none,energy_guarded_tea,28,-237.76848551215906,0.14794744269873936,1.8046539940817128,89.98577989805698,91.79043389213868,0.9145833333333333,0.08541666666666667,0.303125
v2x_hotspot_stress,none,energy_guarded_tea,29,-153.36790617867254,0.0890585212353789,1.0771995230222928,86.25,87.32719952302227,0.94375,0.05625,0.17447916666666666
v2x_hotspot_stress,none,energy_guarded_tea,30,-217.82823387994813,0.1232258432466648,1.4818989873931832,87.8457383975747,89.32763738496789,0.91875,0.08125,0.24427083333333333
v2x_hotspot_stress,none,energy_guarded_tea,31,-125.01095652415272,0.0793205138645035,1.2369956397017243,96.66666666666667,97.90366230636839,0.95625,0.04375,0.16614583333333333
v2x_hotspot_stress,none,energy_guarded_tea,32,-104.33266353290074,0.06194348186695975,0.92575202216001,85.73398920317571,86.65974122533574,0.9625,0.0375,0.12760416666666666
v2x_hotspot_stress,none,energy_guarded_tea,33,-198.57190134364535,0.1160914029280432,1.3775184435077357,93.55674616264544,94.9342646061532,0.9270833333333334,0.07291666666666667,0.22760416666666666
v2x_hotspot_stress,none,energy_guarded_tea,34,-169.6610749630041,0.09783560930122243,1.3241292791429482,88.67528733476902,89.99941661391199,0.9375,0.0625,0.17916666666666667
v2x_hotspot_stress,none,energy_guarded_tea,35,-279.2804475735909,0.1337564933348859,1.3650691681576639,101.2126232600323,102.57769242818996,0.8895833333333333,0.11041666666666666,0.25416666666666665
v2x_hotspot_stress,none,energy_guarded_tea,36,-199.76736624692532,0.11819963692176119,1.2596841493308033,99.79166666666664,101.05135081599747,0.9270833333333334,0.07291666666666667,0.23177083333333334
v2x_hotspot_stress,none,energy_guarded_tea,37,-215.4523032895703,0.126574357720208,1.5537194623481385,88.33333333333333,89.88705279568148,0.9208333333333333,0.07916666666666666,0.2557291666666667
v2x_hotspot_stress,none,energy_guarded_tea,38,-189.68960906663125,0.09775741787291249,1.264116254441778,90.93749999999999,92.20161625444175,0.9270833333333334,0.07291666666666667,0.18489583333333334
v2x_hotspot_stress,none,energy_guarded_tea,39,-118.93240138951481,0.0672901408159006,1.0002932627501588,86.77083333333336,87.77112659608353,0.95625,0.04375,0.12708333333333333
v2x_hotspot_stress,none,energy_guarded_tea,40,-203.98041972251158,0.11037370761014861,1.4311213649521464,98.60354762305418,100.03466898800633,0.9229166666666667,0.07708333333333334,0.2125
v2x_hotspot_stress,none,deadline_tea,1,-100.89236032343238,0.08771000421802812,1.2482914362821014,91.80365185634676,93.0519432926289,0.9708333333333333,0.029166666666666667,0.19427083333333334
v2x_hotspot_stress,none,deadline_tea,2,-90.54340409349969,0.058156025902617155,0.8462220081155197,86.77083333333339,87.61705534144885,0.96875,0.03125,0.12395833333333334
v2x_hotspot_stress,none,deadline_tea,3,-63.60127891184708,0.052017461617596905,0.9924111800186498,86.77083333333331,87.76324451335198,0.98125,0.01875,0.11041666666666666
v2x_hotspot_stress,none,deadline_tea,4,-107.03994651499974,0.05903292761293142,0.7451193713114981,89.39292265511068,90.13804202642218,0.9604166666666667,0.03958333333333333,0.12239583333333333
v2x_hotspot_stress,none,deadline_tea,5,-146.89778159867902,0.10004695823494075,1.517014653573437,94.32437354334112,95.84138819691454,0.95,0.05,0.2046875
v2x_hotspot_stress,none,deadline_tea,6,-173.1755190275073,0.09635689460191602,1.302613579918167,96.17104037300363,97.4736539529218,0.9354166666666667,0.06458333333333334,0.1953125
v2x_hotspot_stress,none,deadline_tea,7,-65.4588116815841,0.04759438582912972,0.8668827867276746,86.25,87.11688278672769,0.9791666666666666,0.020833333333333332,0.10364583333333334
v2x_hotspot_stress,none,deadline_tea,8,-177.8762642886159,0.0895479654644931,1.1954891494746598,95.24587303916628,96.44136218864092,0.93125,0.06875,0.17083333333333334
v2x_hotspot_stress,none,deadline_tea,9,-174.3472891776948,0.09933216682477337,1.4184571319694177,87.50984626148347,88.92830339345288,0.9354166666666667,0.06458333333333334,0.19479166666666667
v2x_hotspot_stress,none,deadline_tea,10,-231.38742264256985,0.12541820539455903,1.22280177271802,105.00000000000004,106.22280177271809,0.9125,0.0875,0.2546875
v2x_hotspot_stress,none,deadline_tea,11,-294.170866569887,0.1564361151478551,1.5706202381199974,101.14708972576446,102.71770996388445,0.8875,0.1125,0.32135416666666666
v2x_hotspot_stress,none,deadline_tea,12,-151.39645507354345,0.07655808357381741,0.9941652703688235,87.2916666666667,88.2858319370355,0.9416666666666667,0.058333333333333334,0.15
v2x_hotspot_stress,none,deadline_tea,13,-289.0441665328159,0.15386265945291405,1.336333180569768,105.00000000000001,106.33633318056975,0.8895833333333333,0.11041666666666666,0.309375
v2x_hotspot_stress,none,deadline_tea,14,-97.23551419059068,0.06356137359153553,0.9726622217869902,89.89583333333333,90.8684955551203,0.9666666666666667,0.03333333333333333,0.12760416666666666
v2x_hotspot_stress,none,deadline_tea,15,-100.82837388592424,0.05460983106179836,0.6974025708576466,86.4910966378433,87.18849920870095,0.9625,0.0375,0.10729166666666666
v2x_hotspot_stress,none,deadline_tea,16,-233.86234076263156,0.1311114579999246,1.353317787946825,96.2747129676451,97.62803075559192,0.9125,0.0875,0.2760416666666667
v2x_hotspot_stress,none,deadline_tea,17,-247.82766154872203,0.1185544419654422,1.233933872775157,96.1503796375511,97.38431351032621,0.9020833333333333,0.09791666666666667,0.22604166666666667
v2x_hotspot_stress,none,deadline_tea,18,-122.15438677241048,0.09050588763679776,1.2349205658377802,89.15043632574697,90.38535689158476,0.9604166666666667,0.03958333333333333,0.19739583333333333
v2x_hotspot_stress,none,deadline_tea,19,-177.07721831172657,0.10448361310700065,1.3569673455423703,96.1458333333333,97.5028006788757,0.9354166666666667,0.06458333333333334,0.20989583333333334
v2x_hotspot_stress,none,deadline_tea,20,-99.21358563162742,0.050938910012757924,0.638627516788277,91.45833333333333,92.09696085012162,0.9625,0.0375,0.1
v2x_hotspot_stress,none,deadline_tea,21,-185.26972848091867,0.10512454682505626,1.1466787164925654,92.51818811323034,93.66486682972291,0.93125,0.06875,0.21145833333333333
v2x_hotspot_stress,none,deadline_tea,22,-136.7192889995012,0.07030921647130031,0.7996697759015433,98.22916666666667,99.02883644256822,0.9479166666666666,0.052083333333333336,0.134375
v2x_hotspot_stress,none,deadline_tea,23,-241.30084324445937,0.11375091610930903,1.1040743112859273,88.909376088417,90.0134503997029,0.9041666666666667,0.09583333333333334,0.2265625
v2x_hotspot_stress,none,deadline_tea,24,-56.533553583140055,0.04526515990669846,0.8315390624909911,92.71102186833554,93.54256093082653,0.9833333333333333,0.016666666666666666,0.08697916666666666
v2x_hotspot_stress,none,deadline_tea,25,-216.52160594086766,0.12855208663220774,1.4229868173726514,92.46382509622548,93.88681191359814,0.9208333333333333,0.07916666666666666,0.26145833333333335
v2x_hotspot_stress,none,deadline_tea,26,-239.67139985644394,0.13476767012311755,1.2828376003438184,98.14776897790658,99.4306065782504,0.9104166666666667,0.08958333333333333,0.271875
v2x_hotspot_stress,none,deadline_tea,27,-99.78994161556155,0.05249379661234766,0.7014747211552221,85.72916666666669,86.43064138782191,0.9625,0.0375,0.10989583333333333
v2x_hotspot_stress,none,deadline_tea,28,-232.9506907151798,0.14608607995434003,1.714613011328934,92.59779822522374,94.31241123655268,0.9166666666666666,0.08333333333333333,0.30520833333333336
v2x_hotspot_stress,none,deadline_tea,29,-145.0974715780823,0.08825130790558026,1.1781340258112818,90.0499920876447,91.22812611345597,0.9479166666666666,0.052083333333333336,0.17083333333333334
v2x_hotspot_stress,none,deadline_tea,30,-209.2474296665485,0.12159752771821629,1.4655755647551194,94.55496982873318,96.02054539348832,0.9229166666666667,0.07708333333333334,0.24479166666666666
v2x_hotspot_stress,none,deadline_tea,31,-116.19907284122478,0.07762955144020191,1.2296049975959629,96.66666666666667,97.89627166426266,0.9604166666666667,0.03958333333333333,0.16666666666666666
v2x_hotspot_stress,none,deadline_tea,32,-91.23873286694541,0.05955379626587846,0.8453737902939307,87.58498152049849,88.43035531079244,0.96875,0.03125,0.13020833333333334
v2x_hotspot_stress,none,deadline_tea,33,-169.18783623284773,0.11309300139706928,1.3505500245708928,95.42263538391232,96.7731854084832,0.9416666666666667,0.058333333333333334,0.2296875
v2x_hotspot_stress,none,deadline_tea,34,-127.44444483040934,0.092890025474006,1.2999901291271112,93.94109663375563,95.24108676288274,0.9583333333333334,0.041666666666666664,0.17916666666666667
v2x_hotspot_stress,none,deadline_tea,35,-258.3962118559143,0.13198153441534452,1.2684271754780885,100.23408404282057,101.50251121829865,0.9,0.1,0.2557291666666667
v2x_hotspot_stress,none,deadline_tea,36,-195.23663794954632,0.11691912104798804,1.2354068304532262,102.61325471994927,103.84866155040253,0.9291666666666667,0.07083333333333333,0.23229166666666667
v2x_hotspot_stress,none,deadline_tea,37,-193.9226451586628,0.12311095204900681,1.5649587904860225,92.74798038083229,94.3129391713183,0.93125,0.06875,0.25677083333333334
v2x_hotspot_stress,none,deadline_tea,38,-164.29446083337822,0.09436493767182771,1.2263583633646435,98.75000000000001,99.97635836336464,0.9395833333333333,0.06041666666666667,0.1859375
v2x_hotspot_stress,none,deadline_tea,39,-114.97360194785325,0.06688529656167055,1.0386532750472273,94.58333333333334,95.62198660838057,0.9583333333333334,0.041666666666666664,0.12552083333333333
v2x_hotspot_stress,none,deadline_tea,40,-165.65224699455857,0.10595586440305946,1.4344688035434872,91.6799338994571,93.1144027030006,0.9416666666666667,0.058333333333333334,0.21458333333333332
v2x_hotspot_stress,none,tea_partial,1,-108.87747385034422,0.08803986214384786,1.1866942660955455,86.09130644381197,87.27800070990752,0.9666666666666667,0.03333333333333333,0.1953125
v2x_hotspot_stress,none,tea_partial,2,-90.35201646201524,0.057788151912888414,0.8734514609604727,86.25000000000001,87.12345146096051,0.96875,0.03125,0.12291666666666666
v2x_hotspot_stress,none,tea_partial,3,-63.696491103878785,0.05224824290226285,0.9944836930867743,86.25,87.24448369308676,0.98125,0.01875,0.11041666666666666
v2x_hotspot_stress,none,tea_partial,4,-111.15189967348715,0.05949687471393303,0.7174936933101296,85.72916666666669,86.4466603599768,0.9583333333333334,0.041666666666666664,0.12291666666666666
v2x_hotspot_stress,none,tea_partial,5,-154.9464748468651,0.10057805350173435,1.510061864056132,87.4569103370316,88.96697220108771,0.9458333333333333,0.05416666666666667,0.2046875
v2x_hotspot_stress,none,tea_partial,6,-197.90838699411034,0.09846669032773697,1.2439430604970767,86.90191149938947,88.14585455988656,0.9229166666666667,0.07708333333333334,0.1953125
v2x_hotspot_stress,none,tea_partial,7,-73.6855011263351,0.04816819991974396,0.804672161933089,84.6875,85.49217216193307,0.975,0.025,0.1046875
v2x_hotspot_stress,none,tea_partial,8,-198.28446419059918,0.0910271217365097,1.1155601492161151,85.26596508660086,86.38152523581698,0.9208333333333333,0.07916666666666666,0.171875
v2x_hotspot_stress,none,tea_partial,9,-178.68602028261805,0.10006965379603357,1.3860296808643773,87.03351900320101,88.41954868406538,0.9333333333333333,0.06666666666666667,0.19583333333333333
v2x_hotspot_stress,none,tea_partial,10,-263.762239720517,0.12723977020742092,1.2383340318361697,88.33333333333333,89.57166736516953,0.8958333333333334,0.10416666666666667,0.25364583333333335
v2x_hotspot_stress,none,tea_partial,11,-348.1823181867854,0.16141150354263906,1.7343240728508313,88.42555880443491,90.15988287728577,0.8604166666666667,0.13958333333333334,0.31614583333333335
v2x_hotspot_stress,none,tea_partial,12,-151.40450377279288,0.07664909344362726,0.9942851950496114,86.10367880001033,87.09796399505996,0.9416666666666667,0.058333333333333334,0.15
v2x_hotspot_stress,none,tea_partial,13,-329.6688137999045,0.15607181175204804,1.3948052973819254,90.41666666666666,91.81147196404855,0.86875,0.13125,0.30625
v2x_hotspot_stress,none,tea_partial,14,-109.22603020297058,0.06393734411728491,0.8910008891290347,83.6458333333333,84.53683422246233,0.9604166666666667,0.03958333333333333,0.128125
v2x_hotspot_stress,none,tea_partial,15,-104.7923708918085,0.05458155952062789,0.6921314970894927,85.74861256648119,86.44074406357068,0.9604166666666667,0.03958333333333333,0.10729166666666666
v2x_hotspot_stress,none,tea_partial,16,-250.807017836251,0.13356109019530688,1.403646142540193,88.51950527425151,89.92315141679168,0.9041666666666667,0.09583333333333334,0.27395833333333336
v2x_hotspot_stress,none,tea_partial,17,-280.6807368407488,0.1208730699249728,1.132513250315103,87.58959597508243,88.72210922539753,0.8854166666666666,0.11458333333333333,0.228125
v2x_hotspot_stress,none,tea_partial,18,-130.48306430842993,0.09152713432322154,1.213132257108024,83.78819551901239,85.0013277761204,0.95625,0.04375,0.19739583333333333
v2x_hotspot_stress,none,tea_partial,19,-185.08960439684236,0.10496063678491312,1.3025213478766682,88.98076998825937,90.28329133613605,0.93125,0.06875,0.21041666666666667
v2x_hotspot_stress,none,tea_partial,20,-107.19063344374456,0.051512940428592086,0.5849012673458153,81.5625,82.14740126734581,0.9583333333333334,0.041666666666666664,0.10104166666666667
v2x_hotspot_stress,none,tea_partial,21,-206.07895289347013,0.10719573838506057,1.2313871785698356,86.26856177613286,87.49994895470266,0.9208333333333333,0.07916666666666666,0.20885416666666667
v2x_hotspot_stress,none,tea_partial,22,-157.17069690542522,0.0719321275044348,0.817523443216981,87.29166666666667,88.10919010988366,0.9375,0.0625,0.13385416666666666
v2x_hotspot_stress,none,tea_partial,23,-258.28248945198794,0.11601363544347168,1.1031729670427306,85.42830833700832,86.53148130405106,0.8958333333333334,0.10416666666666667,0.22552083333333334
v2x_hotspot_stress,none,tea_partial,24,-72.61686928531,0.04601178782664562,0.7278709506701752,83.64583333333331,84.37370428400347,0.975,0.025,0.0890625
v2x_hotspot_stress,none,tea_partial,25,-224.38229912102503,0.12860878425482714,1.3330462485290429,87.0030430417377,88.33608929026676,0.9166666666666666,0.08333333333333333,0.2630208333333333
v2x_hotspot_stress,none,tea_partial,26,-264.1626167131063,0.13630902148726096,1.3550249342446359,89.78785503979103,91.14287997403567,0.8979166666666667,0.10208333333333333,0.26979166666666665
v2x_hotspot_stress,none,tea_partial,27,-99.93069533590284,0.05281942309971878,0.704074934594496,85.20833333333333,85.91240826792783,0.9625,0.0375,0.10989583333333333
v2x_hotspot_stress,none,tea_partial,28,-240.93828271335116,0.1464209162686724,1.7705968129480583,86.77083333333333,88.54143014628139,0.9125,0.0875,0.303125
v2x_hotspot_stress,none,tea_partial,29,-161.28354490540667,0.08901647273201216,1.0212664680264851,84.16666666666666,85.18793313469315,0.9395833333333333,0.06041666666666667,0.17552083333333332
v2x_hotspot_stress,none,tea_partial,30,-225.5590806357953,0.12279280239182122,1.416707016250762,85.86780924112097,87.28451625737173,0.9145833333333333,0.08541666666666667,0.2453125
v2x_hotspot_stress,none,tea_partial,31,-149.68733748322336,0.08142113138604141,1.163952841246112,85.67586108953607,86.8398139307822,0.94375,0.05625,0.16614583333333333
v2x_hotspot_stress,none,tea_partial,32,-103.66316038966268,0.060597917190637084,0.8985882259057155,84.97341637932374,85.87200460522942,0.9625,0.0375,0.12864583333333332
v2x_hotspot_stress,none,tea_partial,33,-197.62556659435356,0.11452476224559725,1.2924624138371394,87.16356146839347,88.45602388223058,0.9270833333333334,0.07291666666666667,0.23072916666666668
v2x_hotspot_stress,none,tea_partial,34,-131.25507591158043,0.09275004056419457,1.2936957549849928,89.87485227058342,91.16854802556841,0.95625,0.04375,0.17916666666666667
v2x_hotspot_stress,none,tea_partial,35,-294.7006399622065,0.13347443043715368,1.3093709460134955,86.45440746641498,87.7637784124285,0.88125,0.11875,0.2557291666666667
v2x_hotspot_stress,none,tea_partial,36,-219.5317617511198,0.11843333694743176,1.2935360005073597,88.16513121124314,89.4586672117505,0.9166666666666666,0.08333333333333333,0.23020833333333332
v2x_hotspot_stress,none,tea_partial,37,-219.0521881560678,0.12589852825223488,1.5488750947380188,85.81427807176497,87.36315316650301,0.91875,0.08125,0.2557291666666667
v2x_hotspot_stress,none,tea_partial,38,-188.82432681007322,0.0962170054327074,1.2346400791224992,86.77083333333336,88.00547341245587,0.9270833333333334,0.07291666666666667,0.18541666666666667
v2x_hotspot_stress,none,tea_partial,39,-122.81306982876366,0.0670749645293243,0.9862284896001835,86.25000000000003,87.23622848960021,0.9541666666666667,0.04583333333333333,0.1265625
v2x_hotspot_stress,none,tea_partial,40,-219.75612443330067,0.11067837006199399,1.3979354939436015,86.28562462417464,87.68356011811821,0.9145833333333333,0.08541666666666667,0.21302083333333333
v2x_hotspot_stress,none,follow_tea,1,-106.05468979706953,0.08680801095718953,1.201978000667957,145.0261732532837,146.22815125395167,0.96875,0.03125,0.19375
v2x_hotspot_stress,none,follow_tea,2,-72.18452409734911,0.05781560110570332,0.9255124728420824,146.84233974754213,147.7678522203843,0.9791666666666666,0.020833333333333332,0.12135416666666667
v2x_hotspot_stress,none,follow_tea,3,-60.08241124985963,0.049430418006499235,0.8957839391593242,144.29790295217438,145.1936868913337,0.9833333333333333,0.016666666666666666,0.11197916666666667
v2x_hotspot_stress,none,follow_tea,4,-75.74714212305824,0.05689809463809552,0.8204162156435791,147.04814034343647,147.86855655908008,0.9770833333333333,0.022916666666666665,0.11979166666666667
v2x_hotspot_stress,none,follow_tea,5,-106.570351511906,0.09597600754360965,1.4271839748728097,148.63507905757328,150.06226303244603,0.9708333333333333,0.029166666666666667,0.20625
v2x_hotspot_stress,none,follow_tea,6,-162.29645128529947,0.09538843003219702,1.1175330019796907,149.21596265951712,150.33349566149676,0.9416666666666667,0.058333333333333334,0.20104166666666667
v2x_hotspot_stress,none,follow_tea,7,-71.57025407356653,0.04814284974234674,0.814197825760612,147.90867541557552,148.72287324133612,0.9770833333333333,0.022916666666666665,0.10364583333333334
v2x_hotspot_stress,none,follow_tea,8,-138.23441066244655,0.0869802553715736,1.0491042279855693,148.41383190838854,149.46293613637405,0.9520833333333333,0.04791666666666667,0.16979166666666667
v2x_hotspot_stress,none,follow_tea,9,-146.58705590506787,0.09618024690994263,1.154213691549342,146.19703258496386,147.35124627651325,0.95,0.05,0.20052083333333334
v2x_hotspot_stress,none,follow_tea,10,-202.28606726792745,0.12062385053151564,0.9750672133602011,145.24556654663914,146.22063375999932,0.9270833333333334,0.07291666666666667,0.259375
v2x_hotspot_stress,none,follow_tea,11,-240.69288294451067,0.15032919840726142,1.3795799955884163,149.78267697191697,151.16225696750539,0.9145833333333333,0.08541666666666667,0.32447916666666665
v2x_hotspot_stress,none,follow_tea,12,-116.69781137866104,0.07559244512457201,0.9662815382903471,146.14830909059253,147.11459062888287,0.9604166666666667,0.03958333333333333,0.14791666666666667
v2x_hotspot_stress,none,follow_tea,13,-263.36566864529595,0.1478147429731659,1.1179459205202877,146.03512135202052,147.1530672725408,0.9020833333333333,0.09791666666666667,0.3140625
v2x_hotspot_stress,none,follow_tea,14,-98.8065632715689,0.06338358341838565,0.8551413200565865,145.22629970473656,146.0814410247931,0.9666666666666667,0.03333333333333333,0.12604166666666666
v2x_hotspot_stress,none,follow_tea,15,-85.04414014374251,0.05145815229618855,0.6928570463403123,144.11471100605957,144.80756805239977,0.9708333333333333,0.029166666666666667,0.10520833333333333
v2x_hotspot_stress,none,follow_tea,16,-229.49326281165492,0.12725119241407112,1.148906994961971,145.94077476839732,147.08968176335924,0.9145833333333333,0.08541666666666667,0.28229166666666666
v2x_hotspot_stress,none,follow_tea,17,-210.99425719078306,0.1137721747982671,1.0584972651498055,145.06194565534537,146.12044292049515,0.9208333333333333,0.07916666666666666,0.22864583333333333
v2x_hotspot_stress,none,follow_tea,18,-123.63152385436233,0.09008389732185564,1.0940618023997344,145.2810428599886,146.37510466238837,0.9604166666666667,0.03958333333333333,0.20052083333333334
v2x_hotspot_stress,none,follow_tea,19,-124.141459263536,0.09941221705133739,1.3549011335238557,146.09826816294418,147.45316929646802,0.9625,0.0375,0.20833333333333334
v2x_hotspot_stress,none,follow_tea,20,-72.17072149445225,0.04967800655776113,0.7024130378771799,143.47353185301998,144.1759448908971,0.9770833333333333,0.022916666666666665,0.09635416666666667
v2x_hotspot_stress,none,follow_tea,21,-173.23443258871652,0.10161186708381993,0.9532306390057239,147.73798231042412,148.69121294942988,0.9375,0.0625,0.21510416666666668
v2x_hotspot_stress,none,follow_tea,22,-112.1376178152841,0.06621351162491106,0.5899173317333734,144.58115717915936,145.17107451089277,0.9604166666666667,0.03958333333333333,0.13697916666666668
v2x_hotspot_stress,none,follow_tea,23,-181.24503341375433,0.11010695977843012,1.0755384397062921,145.38088556388985,146.4564240035962,0.9354166666666667,0.06458333333333334,0.228125
v2x_hotspot_stress,none,follow_tea,24,-61.18841993082356,0.04320519234452404,0.7104063669156679,147.6205138148186,148.33092018173426,0.98125,0.01875,0.08854166666666667
v2x_hotspot_stress,none,follow_tea,25,-201.28062038997334,0.12656246504700944,1.2622633565435357,149.7589755570837,151.0212389136272,0.9291666666666667,0.07083333333333333,0.2640625
v2x_hotspot_stress,none,follow_tea,26,-212.06200348527253,0.13262833857002998,1.178976463973863,145.50105592463234,146.68003238860612,0.925,0.075,0.2755208333333333
v2x_hotspot_stress,none,follow_tea,27,-80.6289141527163,0.050520717610311495,0.687429184763435,145.27822747412918,145.96565665889256,0.9729166666666667,0.027083333333333334,0.1109375
v2x_hotspot_stress,none,follow_tea,28,-200.8403178090585,0.14227759692853076,1.6328681126050073,149.9361746661845,151.56904277878948,0.9333333333333333,0.06666666666666667,0.3067708333333333
v2x_hotspot_stress,none,follow_tea,29,-126.18264065452695,0.0868865898353595,1.0856223234003437,148.15029546174566,149.23591778514594,0.9583333333333334,0.041666666666666664,0.17239583333333333
v2x_hotspot_stress,none,follow_tea,30,-183.90737533608015,0.11564306849595993,1.2397197501913437,145.3836955171217,146.62341526731305,0.9354166666666667,0.06458333333333334,0.25104166666666666
v2x_hotspot_stress,none,follow_tea,31,-112.57826837873067,0.0752943770053255,1.0687059430744945,146.8302079294067,147.89891387248127,0.9625,0.0375,0.16927083333333334
v2x_hotspot_stress,none,follow_tea,32,-75.88900713204042,0.05729089312836349,0.8379699559198195,145.47464439161178,146.31261434753156,0.9770833333333333,0.022916666666666665,0.12708333333333333
v2x_hotspot_stress,none,follow_tea,33,-144.8788286531538,0.10920837260031795,1.2769705937614149,147.35002290627696,148.62699350003834,0.9541666666666667,0.04583333333333333,0.2296875
v2x_hotspot_stress,none,follow_tea,34,-115.29162878504646,0.08915718355073703,1.2741501238118254,148.5985392326105,149.8726893564223,0.9645833333333333,0.035416666666666666,0.17864583333333334
v2x_hotspot_stress,none,follow_tea,35,-205.70935201185773,0.1274696417237184,1.3619605373434598,149.43550561175408,150.7974661490975,0.9270833333333334,0.07291666666666667,0.2520833333333333
v2x_hotspot_stress,none,follow_tea,36,-154.52741865818626,0.11253873132910773,1.2055595928019756,149.08869441435135,150.29425400715334,0.95,0.05,0.23125
v2x_hotspot_stress,none,follow_tea,37,-162.57688248513904,0.12103779942649201,1.3801664891189767,147.91112552497654,149.29129201409555,0.9479166666666666,0.052083333333333336,0.2598958333333333
v2x_hotspot_stress,none,follow_tea,38,-140.0988831387023,0.09105827415166455,1.1391350255116948,145.22458317126603,146.36371819677774,0.9520833333333333,0.04791666666666667,0.1859375
v2x_hotspot_stress,none,follow_tea,39,-103.74713487512233,0.06521450333034877,0.762502099195378,147.37660711930195,148.13910921849734,0.9645833333333333,0.035416666666666666,0.13072916666666667
v2x_hotspot_stress,none,follow_tea,40,-149.2721378479549,0.10160410077419511,1.3018145258370175,148.77050135220304,150.07231587804003,0.95,0.05,0.21666666666666667
v2x_hotspot_stress,none,predict_tea,1,-98.59659946534208,0.08774022904622333,1.281717681631406,148.09459975686505,149.37631743849641,0.9729166666666667,0.027083333333333334,0.19114583333333332
v2x_hotspot_stress,none,predict_tea,2,-64.66018880025882,0.05871628717871792,1.0294137053830035,148.18295144375753,149.21236514914048,0.9833333333333333,0.016666666666666666,0.11666666666666667
v2x_hotspot_stress,none,predict_tea,3,-48.339063648270105,0.049633588609803006,0.9882014701564905,149.50983571533192,150.49803718548844,0.9895833333333334,0.010416666666666666,0.10729166666666666
v2x_hotspot_stress,none,predict_tea,4,-68.00372062333179,0.05725099933797025,0.7781330864651012,149.99656495040287,150.774698036868,0.98125,0.01875,0.12135416666666667
v2x_hotspot_stress,none,predict_tea,5,-110.92141343519654,0.09681132916231378,1.50574320770519,146.89343803515834,148.39918124286348,0.96875,0.03125,0.2046875
v2x_hotspot_stress,none,predict_tea,6,-150.68056501107333,0.09655269040905677,1.156097013718166,143.35302347714904,144.5091204908672,0.9479166666666666,0.052083333333333336,0.19947916666666668
v2x_hotspot_stress,none,predict_tea,7,-55.98533321125225,0.04897070658281256,0.7999714841549593,148.51316356591892,149.31313505007387,0.9854166666666667,0.014583333333333334,0.10260416666666666
v2x_hotspot_stress,none,predict_tea,8,-113.76955588552141,0.08598011367267275,1.050671877164146,148.9193722107856,149.97004408794976,0.9645833333333333,0.035416666666666666,0.16979166666666667
v2x_hotspot_stress,none,predict_tea,9,-150.9931423788354,0.09685656551490125,1.076210720793582,148.99015366863384,150.0663643894274,0.9479166666666666,0.052083333333333336,0.20104166666666667
v2x_hotspot_stress,none,predict_tea,10,-202.5490877679982,0.12099111648786098,1.0087376571593005,148.1029908036694,149.11172846082866,0.9270833333333334,0.07291666666666667,0.2578125
v2x_hotspot_stress,none,predict_tea,11,-248.5991269516965,0.15035351966226934,1.260713935689704,146.38720319121546,147.6479171269052,0.9104166666666667,0.08958333333333333,0.3260416666666667
v2x_hotspot_stress,none,predict_tea,12,-116.51524691784284,0.07511650179270554,0.9393901279341077,147.70481178353864,148.64420191147272,0.9604166666666667,0.03958333333333333,0.14895833333333333
v2x_hotspot_stress,none,predict_tea,13,-272.2744038867559,0.14961839948362493,1.2069722379070573,147.37876558262306,148.5857378205301,0.8979166666666667,0.10208333333333333,0.3109375
v2x_hotspot_stress,none,predict_tea,14,-95.22898372236838,0.0641096877643002,0.8908331833049304,147.65362000017114,148.54445318347607,0.96875,0.03125,0.125
v2x_hotspot_stress,none,predict_tea,15,-77.5485031870478,0.05235392495815583,0.7026145941139048,146.58469231031995,147.2873069044338,0.975,0.025,0.10260416666666666
v2x_hotspot_stress,none,predict_tea,16,-217.9308971782924,0.128197115333781,1.1952752743730677,145.34745199487713,146.5427272692502,0.9208333333333333,0.07916666666666666,0.28072916666666664
v2x_hotspot_stress,none,predict_tea,17,-211.74548190092565,0.11509452683763739,1.079080653573549,148.92455330841813,150.00363396199174,0.9208333333333333,0.07916666666666666,0.22760416666666666
v2x_hotspot_stress,none,predict_tea,18,-111.49597756869998,0.08962821009330126,1.1066431599920334,148.04124763718633,149.14789079717838,0.9666666666666667,0.03333333333333333,0.19947916666666668
v2x_hotspot_stress,none,predict_tea,19,-124.46247279967646,0.0998776714709547,1.34219535799681,149.3641544292765,150.7063497872733,0.9625,0.0375,0.20729166666666668
v2x_hotspot_stress,none,predict_tea,20,-64.4465208173361,0.050260806517199934,0.7978731902164368,143.24658311245443,144.04445630267088,0.98125,0.01875,0.09375
v2x_hotspot_stress,none,predict_tea,21,-161.3615276255667,0.10188822993169097,0.9379210016919031,147.5679876101417,148.50590861183355,0.94375,0.05625,0.21510416666666668
v2x_hotspot_stress,none,predict_tea,22,-112.2412358997663,0.06634708305482108,0.5741852561592611,145.91368252557882,146.48786778173806,0.9604166666666667,0.03958333333333333,0.13802083333333334
v2x_hotspot_stress,none,predict_tea,23,-177.71203942268832,0.1108813274838321,1.0432047642281685,148.5902029174009,149.6334076816291,0.9375,0.0625,0.22864583333333333
v2x_hotspot_stress,none,predict_tea,24,-57.406766406299916,0.043802636420467805,0.7294853738979643,145.32054544194796,146.05003081584593,0.9833333333333333,0.016666666666666666,0.0875
v2x_hotspot_stress,none,predict_tea,25,-197.25688201850537,0.12674806919293033,1.2733792745214572,145.98691425543993,147.2602935299614,0.93125,0.06875,0.2625
v2x_hotspot_stress,none,predict_tea,26,-212.20562691606116,0.13356422722605926,1.168137195019324,135.32512439007118,136.49326158509052,0.925,0.075,0.2755208333333333
v2x_hotspot_stress,none,predict_tea,27,-81.03399035061925,0.05132896836377661,0.6715665106116908,145.8646180229381,146.53618453354983,0.9729166666666667,0.027083333333333334,0.11197916666666667
v2x_hotspot_stress,none,predict_tea,28,-193.21998026588926,0.14335634733945402,1.6986193469528006,145.2658320847558,146.9644514317086,0.9375,0.0625,0.30520833333333336
v2x_hotspot_stress,none,predict_tea,29,-130.86794569929685,0.0883248060147407,1.1979880750449887,147.8699723323317,149.06796040737677,0.95625,0.04375,0.16614583333333333
v2x_hotspot_stress,none,predict_tea,30,-176.11880444483756,0.11616275972220616,1.2775761086687263,144.07841649728516,145.3559926059539,0.9395833333333333,0.06041666666666667,0.24947916666666667
v2x_hotspot_stress,none,predict_tea,31,-113.32093149508368,0.07669640955205695,1.0792428407726287,149.14258749577294,150.22183033654554,0.9625,0.0375,0.16822916666666668
v2x_hotspot_stress,none,predict_tea,32,-76.18380071008816,0.05803766446454303,0.806941117008702,143.3837844532418,144.19072557025052,0.9770833333333333,0.022916666666666665,0.12708333333333333
v2x_hotspot_stress,none,predict_tea,33,-141.09206249093418,0.10962522848552006,1.2917519294365387,147.77334200004918,149.06509392948576,0.95625,0.04375,0.22916666666666666
v2x_hotspot_stress,none,predict_tea,34,-111.17913696745956,0.0890130200553682,1.262433183236749,147.1671448461904,148.42957802942712,0.9666666666666667,0.03333333333333333,0.178125
v2x_hotspot_stress,none,predict_tea,35,-209.89493579163448,0.12823893917083484,1.304750917208282,143.37008207058395,144.6748329877922,0.925,0.075,0.25416666666666665
v2x_hotspot_stress,none,predict_tea,36,-158.77748197643905,0.11333860538038179,1.2281379080895674,144.60357522043665,145.83171312852625,0.9479166666666666,0.052083333333333336,0.23020833333333332
v2x_hotspot_stress,none,predict_tea,37,-175.0005902425434,0.12209057722924334,1.3758339800985289,145.19460510345505,146.57043908355357,0.9416666666666667,0.058333333333333334,0.2598958333333333
v2x_hotspot_stress,none,predict_tea,38,-140.40327812867298,0.09171336537307692,1.1748880967746465,144.85387022309436,146.028758319869,0.9520833333333333,0.04791666666666667,0.18489583333333334
v2x_hotspot_stress,none,predict_tea,39,-103.79765138571457,0.0651678335722698,0.7712776772479814,149.79843135692104,150.56970903416902,0.9645833333333333,0.035416666666666666,0.1296875
v2x_hotspot_stress,none,predict_tea,40,-145.14710583124455,0.1014038249059988,1.2361628351303426,147.87283304370658,149.1089958788369,0.9520833333333333,0.04791666666666667,0.21875
v2x_hotspot_stress,none,lyapunov,1,-108.87748537593372,0.08803988848170617,1.186694430559726,86.0912690599318,87.27796349049153,0.9666666666666667,0.03333333333333333,0.1953125
v2x_hotspot_stress,none,lyapunov,2,-90.35201775323799,0.05778815460210048,0.8734514743252562,86.25,87.12345147432528,0.96875,0.03125,0.12291666666666666
v2x_hotspot_stress,none,lyapunov,3,-63.69649128338379,0.05224824327608466,0.994483695438711,86.25,87.24448369543873,0.98125,0.01875,0.11041666666666666
v2x_hotspot_stress,none,lyapunov,4,-111.15189881992842,0.05949687293632722,0.7174936830453298,85.72916666666667,86.446660349712,0.9583333333333334,0.041666666666666664,0.12291666666666666
v2x_hotspot_stress,none,lyapunov,5,-154.94647767798074,0.10057806022562406,1.5100619337814198,87.45689705559124,88.96695898937267,0.9458333333333333,0.05416666666666667,0.2046875
v2x_hotspot_stress,none,lyapunov,6,-197.9083869920911,0.09846669032353376,1.2439430604398847,86.90191149938947,88.14585455982936,0.9229166666666667,0.07708333333333334,0.1953125
v2x_hotspot_stress,none,lyapunov,7,-73.68550111090403,0.04816819988760349,0.8046721618118671,84.6875,85.49217216181187,0.975,0.025,0.1046875
v2x_hotspot_stress,none,lyapunov,8,-198.28446489606256,0.0910271228065968,1.1155601529550403,85.26597147691518,86.38153162987022,0.9208333333333333,0.07916666666666666,0.171875
v2x_hotspot_stress,none,lyapunov,9,-178.6860202447852,0.10006965369949357,1.3860296809785708,87.03351928663226,88.41954896761084,0.9333333333333333,0.06666666666666667,0.19583333333333333
v2x_hotspot_stress,none,lyapunov,10,-263.76224089515415,0.1272397726537756,1.2383340447292526,88.33333333333333,89.57166737806259,0.8958333333333334,0.10416666666666667,0.25364583333333335
v2x_hotspot_stress,none,lyapunov,11,-348.18231834781477,0.16141150390103126,1.7343240752590239,88.4255584353991,90.15988251065814,0.8604166666666667,0.13958333333333334,0.31614583333333335
v2x_hotspot_stress,none,lyapunov,12,-151.40450131576634,0.07664908915653537,0.9942851621526962,86.10366552549122,87.09795068764394,0.9416666666666667,0.058333333333333334,0.15
v2x_hotspot_stress,none,lyapunov,13,-329.66881380621027,0.1560718117651823,1.3948052974208083,90.41666666666666,91.81147196408743,0.86875,0.13125,0.30625
v2x_hotspot_stress,none,lyapunov,14,-109.22602985507747,0.06393734339264676,0.891000886900843,83.64583333333333,84.53683422023418,0.9604166666666667,0.03958333333333333,0.128125
v2x_hotspot_stress,none,lyapunov,15,-104.79237563449145,0.05458156989953148,0.6921315823408172,85.74860450820444,86.44073609054527,0.9604166666666667,0.03958333333333333,0.10729166666666666
v2x_hotspot_stress,none,lyapunov,16,-250.807019422244,0.13356109238488087,1.4036461641362066,88.51952308590334,89.92316925003955,0.9041666666666667,0.09583333333333334,0.27395833333333336
v2x_hotspot_stress,none,lyapunov,17,-280.6807374090258,0.12087307107961762,1.1325132555265756,87.58959643812055,88.72210969364714,0.8854166666666666,0.11458333333333333,0.228125
v2x_hotspot_stress,none,lyapunov,18,-130.48307880560736,0.09152716536959518,1.2131324520058784,83.78818182138166,85.00131427338751,0.95625,0.04375,0.19739583333333333
v2x_hotspot_stress,none,lyapunov,19,-185.08959882063607,0.10496062791105663,1.3025212588258432,88.98072618546952,90.28324744429534,0.93125,0.06875,0.21041666666666667
v2x_hotspot_stress,none,lyapunov,20,-107.19063344374456,0.051512940428592086,0.5849012673458153,81.5625,82.14740126734581,0.9583333333333334,0.041666666666666664,0.10104166666666667
v2x_hotspot_stress,none,lyapunov,21,-206.07895757457396,0.10719574787374385,1.231387253875464,86.2685659186885,87.49995317256395,0.9208333333333333,0.07916666666666666,0.20885416666666667
v2x_hotspot_stress,none,lyapunov,22,-157.17069659987314,0.07193212686813735,0.8175234389061242,87.29166666666669,88.10919010557285,0.9375,0.0625,0.13385416666666666
v2x_hotspot_stress,none,lyapunov,23,-258.2824895960942,0.11601363572362712,1.10317296782407,85.42830865728234,86.53148162510644,0.8958333333333334,0.10416666666666667,0.22552083333333334
v2x_hotspot_stress,none,lyapunov,24,-72.61686968549158,0.04601178866015068,0.7278709539749554,83.64583333333333,84.3737042873083,0.975,0.025,0.0890625
v2x_hotspot_stress,none,lyapunov,25,-224.38230395866492,0.12860879433017916,1.3330463182457044,87.00304302105172,88.33608933929742,0.9166666666666666,0.08333333333333333,0.2630208333333333
v2x_hotspot_stress,none,lyapunov,26,-264.1626170653581,0.13630902220636656,1.3550249399722125,89.78785527010112,91.14288021007333,0.8979166666666667,0.10208333333333333,0.26979166666666665
v2x_hotspot_stress,none,lyapunov,27,-99.93069534901139,0.052819423127027566,0.7040749346051708,85.20833333333333,85.91240826793849,0.9625,0.0375,0.10989583333333333
v2x_hotspot_stress,none,lyapunov,28,-240.9382713804536,0.14642089266895159,1.7705966452276427,86.77083333333333,88.54142997856097,0.9125,0.0875,0.303125
v2x_hotspot_stress,none,lyapunov,29,-161.28354495432743,0.08901647283386335,1.021266469100389,84.16666666666667,85.18793313576707,0.9395833333333333,0.06041666666666667,0.17552083333333332
v2x_hotspot_stress,none,lyapunov,30,-225.55908092373372,0.1227928030005035,1.4167070194104991,85.86780909699013,87.28451611640064,0.9145833333333333,0.08541666666666667,0.2453125
v2x_hotspot_stress,none,lyapunov,31,-149.6873579893514,0.08142118267617995,1.1639531929608111,85.67572363320745,86.83967682616824,0.94375,0.05625,0.16614583333333333
v2x_hotspot_stress,none,lyapunov,32,-103.6631605098742,0.060597917435514896,0.8985882296529634,84.97341646458237,85.87200469423532,0.9625,0.0375,0.12864583333333332
v2x_hotspot_stress,none,lyapunov,33,-197.62557306245145,0.11452477491924482,1.2924625032772081,87.16357420385366,88.45603670713086,0.9270833333333334,0.07291666666666667,0.23072916666666668
v2x_hotspot_stress,none,lyapunov,34,-131.25507286639623,0.09275003371513109,1.2936957099341737,89.87486039450941,91.1685561044436,0.95625,0.04375,0.17916666666666667
v2x_hotspot_stress,none,lyapunov,35,-294.70065857615344,0.13347362278956126,1.322917322564082,86.45440391623873,87.7773212388028,0.88125,0.11875,0.2552083333333333
v2x_hotspot_stress,none,lyapunov,36,-219.53176190035154,0.11843333757540722,1.2935360088523022,88.16512612968495,89.45866213853725,0.9166666666666666,0.08333333333333333,0.23020833333333332
v2x_hotspot_stress,none,lyapunov,37,-219.05219834093057,0.12589854920604548,1.548875266664987,85.81428213429399,87.36315740095897,0.91875,0.08125,0.2557291666666667
v2x_hotspot_stress,none,lyapunov,38,-188.82432682582194,0.0962170054655264,1.2346400789774823,86.77083333333336,88.00547341231082,0.9270833333333334,0.07291666666666667,0.18541666666666667
v2x_hotspot_stress,none,lyapunov,39,-122.81306982021094,0.06707496451151276,0.9862284894935187,86.25000000000003,87.23622848949354,0.9541666666666667,0.04583333333333333,0.1265625
v2x_hotspot_stress,none,lyapunov,40,-219.75612445746918,0.11067837014142662,1.397935494560649,86.28562415825272,87.68355965281336,0.9145833333333333,0.08541666666666667,0.21302083333333333
v2x_hotspot_stress,none,ppo,1,-117.45348995386527,0.09382561845434852,1.2900782651755203,145.94969159409186,147.23976985926737,0.9645833333333333,0.035416666666666666,0.18489583333333334
v2x_hotspot_stress,none,ppo,2,-122.20470961907388,0.07031572930450646,1.0323599104047652,147.40629185328785,148.4386517636927,0.95625,0.04375,0.10625
v2x_hotspot_stress,none,ppo,3,-83.26540515606283,0.055923448591275654,0.9028272778857084,146.50216713046527,147.40499440835103,0.9729166666666667,0.027083333333333334,0.10677083333333333
v2x_hotspot_stress,none,ppo,4,-99.12698639182298,0.06386537417943641,0.7258753736346417,148.32768414948265,149.05355952311723,0.9666666666666667,0.03333333333333333,0.1171875
v2x_hotspot_stress,none,ppo,5,-142.0966565151907,0.10335304542193136,1.162513614200587,148.41064347458718,149.57315708878778,0.9541666666666667,0.04583333333333333,0.20260416666666667
v2x_hotspot_stress,none,ppo,6,-197.97389663212138,0.10326304805450923,1.0799572197680223,145.84116164546293,146.9211188652309,0.925,0.075,0.1953125
v2x_hotspot_stress,none,ppo,7,-98.72840395102402,0.054616812771495986,0.8693767134051619,149.54175064345952,150.41112735686468,0.9645833333333333,0.035416666666666666,0.09479166666666666
v2x_hotspot_stress,none,ppo,8,-174.7921597502848,0.09644483515530416,1.1632667179542275,148.79136247334063,149.95462919129488,0.9354166666666667,0.06458333333333334,0.15833333333333333
v2x_hotspot_stress,none,ppo,9,-174.2629719637395,0.10362405880020864,1.177258738699091,149.6035325826116,150.78079132131072,0.9375,0.0625,0.18802083333333333
v2x_hotspot_stress,none,ppo,10,-222.93203614202014,0.13022665622658133,0.9612608063720954,146.48011096899876,147.44137177537084,0.91875,0.08125,0.24739583333333334
v2x_hotspot_stress,none,ppo,11,-260.63475288319074,0.15866358673552258,1.4349191246495034,147.77278921334752,149.20770833799705,0.90625,0.09375,0.31302083333333336
v2x_hotspot_stress,none,ppo,12,-140.15586613457043,0.08270610715552164,0.7262158285636194,147.83827416877114,148.5644899973348,0.95,0.05,0.15104166666666666
v2x_hotspot_stress,none,ppo,13,-278.7922227171327,0.15493747449848572,1.0705963221491406,146.3372356065033,147.4078319286524,0.8958333333333334,0.10416666666666667,0.3098958333333333
v2x_hotspot_stress,none,ppo,14,-113.76384477116241,0.06930358262405932,0.8153902766520846,149.12211344381205,149.93750372046412,0.9604166666666667,0.03958333333333333,0.11822916666666666
v2x_hotspot_stress,none,ppo,15,-102.0250851638755,0.061522957975929334,0.6409389908375884,149.16123885680994,149.80217784764753,0.9645833333333333,0.035416666666666666,0.0984375
v2x_hotspot_stress,none,ppo,16,-241.2764548715145,0.135269576503283,1.1450821937616296,143.75685613752552,144.90193833128708,0.9104166666666667,0.08958333333333333,0.27447916666666666
v2x_hotspot_stress,none,ppo,17,-235.03099029959628,0.12191420145334497,0.9047833112347587,149.5010034217873,150.40578673302207,0.9104166666666667,0.08958333333333333,0.22604166666666667
v2x_hotspot_stress,none,ppo,18,-143.99604003431878,0.09897401984434587,1.3130269057970883,148.30399006196234,149.6170169677594,0.9520833333333333,0.04791666666666667,0.184375
v2x_hotspot_stress,none,ppo,19,-156.59375703830915,0.10844766772902131,1.302685391660309,149.99319888763588,151.29588427929622,0.9479166666666666,0.052083333333333336,0.19947916666666668
v2x_hotspot_stress,none,ppo,20,-99.94697947890992,0.05729821207972096,0.5772636000780493,147.5506590880504,148.12792268812845,0.9645833333333333,0.035416666666666666,0.09479166666666666
v2x_hotspot_stress,none,ppo,21,-184.3759641041318,0.10813674111338087,0.9536792492005083,148.0572664077659,149.01094565696638,0.9333333333333333,0.06666666666666667,0.2046875
v2x_hotspot_stress,none,ppo,22,-134.9805024082931,0.07188772352716903,0.5629634375969454,148.5835404041348,149.14650384173177,0.95,0.05,0.13020833333333334
v2x_hotspot_stress,none,ppo,23,-214.52834043137287,0.12088496016098825,0.993971684571677,149.12468011871312,150.11865180328476,0.9208333333333333,0.07916666666666666,0.2203125
v2x_hotspot_stress,none,ppo,24,-75.3263719526192,0.047764893506868286,0.7504028644449827,145.89036611296993,146.64076897741492,0.975,0.025,0.08177083333333333
v2x_hotspot_stress,none,ppo,25,-231.78838258267177,0.13215335339344875,1.0476630390728368,144.11143542147235,145.15909846054518,0.9145833333333333,0.08541666666666667,0.26458333333333334
v2x_hotspot_stress,none,ppo,26,-219.85837974427554,0.14054992718777026,1.1280889136226124,145.35240089123891,146.48048980486152,0.9229166666666667,0.07708333333333334,0.26666666666666666
v2x_hotspot_stress,none,ppo,27,-94.4709763574193,0.05422317749470994,0.6120088756394725,147.51636312297782,148.12837199861727,0.9666666666666667,0.03333333333333333,0.10885416666666667
v2x_hotspot_stress,none,ppo,28,-241.5074974049761,0.1523467206504393,1.5234813623830983,144.51223506312502,146.03571642550818,0.9145833333333333,0.08541666666666667,0.2994791666666667
v2x_hotspot_stress,none,ppo,29,-159.27517323859402,0.09743619448402764,0.8636381953625272,149.3296913466618,150.1933295420243,0.94375,0.05625,0.16770833333333332
v2x_hotspot_stress,none,ppo,30,-208.5667257585306,0.125243894346525,1.1487508274128622,147.17313157920427,148.32188240661716,0.925,0.075,0.24479166666666666
v2x_hotspot_stress,none,ppo,31,-133.18008468713927,0.08481022230979536,1.0607678845047437,147.9784980634116,149.03926594791636,0.9541666666666667,0.04583333333333333,0.16041666666666668
v2x_hotspot_stress,none,ppo,32,-96.4515574184924,0.06685899879013094,0.8587028174875385,144.4492304901645,145.307933307652,0.96875,0.03125,0.11302083333333333
v2x_hotspot_stress,none,ppo,33,-165.18251212569078,0.11833318966179926,1.0244950229375684,145.06154124463447,146.08603626757198,0.9458333333333333,0.05416666666666667,0.22864583333333333
v2x_hotspot_stress,none,ppo,34,-147.39068053710415,0.09764202270302505,1.0308983037879949,149.71942301795053,150.75032132173854,0.95,0.05,0.17864583333333334
v2x_hotspot_stress,none,ppo,35,-251.07792113633693,0.1388220471782964,1.1783029628390393,146.93298006231745,148.1112830251565,0.90625,0.09375,0.2484375
v2x_hotspot_stress,none,ppo,36,-186.4849960675333,0.12111064792814742,1.0153662484629828,144.0474691522887,145.06283540075165,0.9354166666666667,0.06458333333333334,0.23020833333333332
v2x_hotspot_stress,none,ppo,37,-216.29190098872238,0.13286570555098198,1.3993151257715801,149.1460956825965,150.54541080836816,0.9229166666666667,0.07708333333333334,0.24479166666666666
v2x_hotspot_stress,none,ppo,38,-163.7074872658712,0.09848755809381296,1.1927387559003113,146.58924060546582,147.78197936136613,0.9416666666666667,0.058333333333333334,0.1765625
v2x_hotspot_stress,none,ppo,39,-134.90422062340522,0.07185716766795605,0.8692804642221003,146.223390961988,147.09267142621005,0.95,0.05,0.11822916666666666
v2x_hotspot_stress,none,ppo,40,-164.33421364596396,0.10797264288507108,1.2895135699284912,148.95532180106758,150.24483537099607,0.94375,0.05625,0.2125
v2x_hotspot_stress,none,td3,1,-395.7190624617422,0.16512113656313387,5.253433894400818,143.44379648686785,148.6972303812687,0.8375,0.1625,0.4740799314031998
v2x_hotspot_stress,none,td3,2,-209.79102624565428,0.08633493080690975,1.7366803660677916,143.27196824518407,145.00864861125183,0.9145833333333333,0.08541666666666667,0.6042050224418442
v2x_hotspot_stress,none,td3,3,-196.06928627418972,0.08245607519726107,1.347547704082246,148.3314582793981,149.67900598348032,0.9208333333333333,0.07916666666666666,0.5863913416241606
v2x_hotspot_stress,none,td3,4,-253.21640687466515,0.10979030951672755,2.7166428307368014,147.85196739046341,150.56861022120026,0.8979166666666667,0.10208333333333333,0.5461032796030243
v2x_hotspot_stress,none,td3,5,-388.49826501833104,0.15853785966222686,3.4957995598445746,143.17394645555927,146.6697460154038,0.8395833333333333,0.16041666666666668,0.5808245349675417
v2x_hotspot_stress,none,td3,6,-435.5997959046508,0.16454872618942684,4.632215828687086,149.24802862884445,153.88024445753157,0.8166666666666667,0.18333333333333332,0.5355184525251389
v2x_hotspot_stress,none,td3,7,-212.5599127026586,0.09162378844245084,2.8863673519520834,149.79677432411927,152.68314167607136,0.9145833333333333,0.08541666666666667,0.4877773261939486
v2x_hotspot_stress,none,td3,8,-378.59435796657533,0.15449427382491523,4.40355102053617,143.5,147.90355102053616,0.84375,0.15625,0.5727068724110722
v2x_hotspot_stress,none,td3,9,-478.42620573944777,0.18710961287483255,6.715416799017723,147.07096851858893,153.7863853176067,0.8,0.2,0.561210314805309
v2x_hotspot_stress,none,td3,10,-530.9161589407163,0.321189054733188,8.687663048190677,149.49275924468174,158.1804222928724,0.80625,0.19375,0.5630343056594332
v2x_hotspot_stress,none,td3,11,-824.4128978375546,0.3990653103427731,14.308774407872281,147.74285469291198,162.0516291007843,0.6729166666666667,0.32708333333333334,0.4634878821671009
v2x_hotspot_stress,none,td3,12,-279.3970911479645,0.13100239458035523,3.6437494711661866,146.8876421753006,150.53139164646683,0.8895833333333333,0.11041666666666666,0.5703424580395222
v2x_hotspot_stress,none,td3,13,-735.8777793568444,0.3650844924567901,8.84564323873111,145.72845601410606,154.5740992528371,0.7104166666666667,0.28958333333333336,0.5805609353507558
v2x_hotspot_stress,none,td3,14,-302.855285680946,0.15503871520100587,4.390079482105076,143.5,147.89007948210505,0.8833333333333333,0.11666666666666667,0.5080715717126926
v2x_hotspot_stress,none,td3,15,-212.26228418542115,0.07445165161536546,1.4843549762354038,149.36535869195475,150.8497136681902,0.9104166666666667,0.08958333333333333,0.6460990739365419
v2x_hotspot_stress,none,td3,16,-654.2303849436806,0.261855452215387,7.825596009828175,143.49999999999997,151.32559600982813,0.7270833333333333,0.27291666666666664,0.5562890589858095
v2x_hotspot_stress,none,td3,17,-394.58392127237886,0.15433824438041271,4.041717849626255,146.01041447639878,150.05213232602503,0.8354166666666667,0.16458333333333333,0.6142432898283005
v2x_hotspot_stress,none,td3,18,-391.4868701113384,0.16449680624951835,5.111332586244332,145.83543779940962,150.946770385654,0.8395833333333333,0.16041666666666668,0.5387918948506315
v2x_hotspot_stress,none,td3,19,-464.40946092335946,0.1915683554725685,5.118825903920779,143.4361839802991,148.55500988421994,0.8083333333333333,0.19166666666666668,0.5576142098754644
v2x_hotspot_stress,none,td3,20,-245.3349132957105,0.07686632961845366,3.4486004342249976,144.52056886086675,147.96916929509177,0.89375,0.10625,0.3724666158358256
v2x_hotspot_stress,none,td3,21,-379.83245371335113,0.14029641618520108,6.212748055789635,143.4597167593615,149.67246481515116,0.8395833333333333,0.16041666666666668,0.5081448563685019
v2x_hotspot_stress,none,td3,22,-302.7715558476748,0.0965404885848941,3.60399413056934,144.13338343361738,147.73737756418674,0.86875,0.13125,0.5471651442969839
v2x_hotspot_stress,none,td3,23,-507.1511547888108,0.18062286627993773,5.226700025297583,143.17926578939094,148.40596581468853,0.7833333333333333,0.21666666666666667,0.5732732828706503
v2x_hotspot_stress,none,td3,24,-180.63000764013617,0.0836308294461529,1.827317222782033,147.74633297664468,149.57365019942668,0.9291666666666667,0.07083333333333333,0.41835185382515194
v2x_hotspot_stress,none,td3,25,-602.4217275836548,0.2869872464241835,7.673445665694841,147.92153100253097,155.59497666822577,0.7604166666666666,0.23958333333333334,0.5898149863506357
v2x_hotspot_stress,none,td3,26,-638.8853100839357,0.25468853804114927,9.175226006309508,145.3185014664979,154.4937274728074,0.7333333333333333,0.26666666666666666,0.5341479222600659
v2x_hotspot_stress,none,td3,27,-231.12453038257138,0.09705351901538431,2.593005777737664,148.70170272849367,151.29470850623127,0.90625,0.09375,0.4963550287609299
v2x_hotspot_stress,none,td3,28,-658.0739237355215,0.27777538468152996,8.095445973054494,149.96252363984715,158.05796961290164,0.7291666666666666,0.2708333333333333,0.5138860503211617
v2x_hotspot_stress,none,td3,29,-327.7171201033852,0.11490786570538837,3.1670800647294555,148.87773876189485,152.0448188266243,0.8604166666666667,0.13958333333333334,0.5254196995869279
v2x_hotspot_stress,none,td3,30,-515.7701928233934,0.1979674471100134,9.01893048818722,149.1750098647073,158.19394035289457,0.7833333333333333,0.21666666666666667,0.5016848420103391
v2x_hotspot_stress,none,td3,31,-361.76918171002586,0.21103318371813615,5.608450844015177,143.49999999999991,149.1084508440151,0.8666666666666667,0.13333333333333333,0.4393890172864
v2x_hotspot_stress,none,td3,32,-271.68280439084737,0.16514096337949616,3.671398956307953,143.49999999999997,147.17139895630797,0.9020833333333333,0.09791666666666667,0.6412410318851471
v2x_hotspot_stress,none,td3,33,-543.5263889501,0.1892028994903427,7.436753598617236,149.52981955922738,156.96657315784452,0.7666666666666667,0.23333333333333334,0.5377500224858522
v2x_hotspot_stress,none,td3,34,-370.53078087930044,0.14585391882552903,3.6173412494690327,147.07932018541536,150.69666143488442,0.8458333333333333,0.15416666666666667,0.5063477451602618
v2x_hotspot_stress,none,td3,35,-605.6178492197885,0.2688293373597075,9.195078142579488,143.46383142839093,152.65890957097042,0.7541666666666667,0.24583333333333332,0.5787335486461719
v2x_hotspot_stress,none,td3,36,-502.0829395380588,0.31163695729202073,6.40666792962791,143.49999999999994,149.9066679296279,0.81875,0.18125,0.5361965682978431
v2x_hotspot_stress,none,td3,37,-575.1907599620201,0.230424447858305,6.25534936130089,146.6454836398269,152.90083300112786,0.7604166666666666,0.23958333333333334,0.6162656436363856
v2x_hotspot_stress,none,td3,38,-423.86305301189265,0.1651723160571651,5.800126221008041,146.8779172607745,152.6780434817825,0.8229166666666666,0.17708333333333334,0.5418775336196026
v2x_hotspot_stress,none,td3,39,-324.5089630824582,0.15848627937967313,4.588673278558234,143.26295939527668,147.85163267383496,0.8729166666666667,0.12708333333333333,0.5093804736932118
v2x_hotspot_stress,none,td3,40,-491.9784338342414,0.2069618185397741,6.671406561356236,147.8872912769735,154.55869783832975,0.7979166666666667,0.20208333333333334,0.5417495827501019
v2x_hotspot_stress,none,sac,1,-412.9637231207446,0.19250942151451664,3.795748758398787,148.1776110341517,151.9733597925505,0.8354166666666667,0.16458333333333333,0.6354698856671651
v2x_hotspot_stress,none,sac,2,-187.83284635848358,0.09030634962186496,2.5130642806760344,147.01355371893746,149.52661799961348,0.9270833333333334,0.07291666666666667,0.4755547440300385
v2x_hotspot_stress,none,sac,3,-215.09820467340032,0.09750794414760576,3.3894420933892797,139.75694065826346,143.1463827516528,0.9145833333333333,0.08541666666666667,0.4463570822651188
v2x_hotspot_stress,none,sac,4,-271.6912721994148,0.09832480394572028,2.0283411067398336,147.81720240889734,149.84554351563727,0.8854166666666666,0.11458333333333333,0.5716240522141258
v2x_hotspot_stress,none,sac,5,-399.1912718914468,0.164546332278107,4.491152687717449,135.80992724412854,140.301079931846,0.8354166666666667,0.16458333333333333,0.5017172648881872
v2x_hotspot_stress,none,sac,6,-463.84360755619616,0.16511829063335381,4.413298581669669,148.48096982453873,152.89426840620843,0.8020833333333334,0.19791666666666666,0.49956430519620576
v2x_hotspot_stress,none,sac,7,-198.68291214868583,0.07143957326961402,2.740216096090889,143.65701654627858,146.39723264236954,0.9166666666666666,0.08333333333333333,0.6044616517921289
v2x_hotspot_stress,none,sac,8,-386.1960330524274,0.12863248151175655,6.599749634693688,141.8149812581173,148.41473089281106,0.8333333333333334,0.16666666666666666,0.572403962785999
v2x_hotspot_stress,none,sac,9,-446.81163953101066,0.15473360487729887,5.320661971977317,145.99631102492876,151.31697299690612,0.8083333333333333,0.19166666666666668,0.5684995985279481
v2x_hotspot_stress,none,sac,10,-572.368074213606,0.19965738366916097,5.369138918342113,145.71519616194504,151.08433508028716,0.7541666666666667,0.24583333333333332,0.5318135424827536
v2x_hotspot_stress,none,sac,11,-720.6783601605373,0.2997747415781908,10.483100407186104,149.06637302633968,159.54947343352578,0.7020833333333333,0.29791666666666666,0.5742179956287146
v2x_hotspot_stress,none,sac,12,-326.284849448429,0.13066189975483933,4.357171146092233,114.547414390777,118.90458553686925,0.8645833333333334,0.13541666666666666,0.6625346020484965
v2x_hotspot_stress,none,sac,13,-738.2989698276383,0.30326946647102915,10.440747381543174,147.21345000326423,157.65419738480736,0.69375,0.30625,0.5210486046349009
v2x_hotspot_stress,none,sac,14,-257.6824913031733,0.0939772435912231,3.9806887786245415,148.4664572009175,152.44714597954206,0.8916666666666667,0.10833333333333334,0.60326662051181
v2x_hotspot_stress,none,sac,15,-214.90109385677908,0.08019230626779351,1.902561784457731,145.05699982348187,146.95956160793958,0.9104166666666667,0.08958333333333333,0.5554697521030902
v2x_hotspot_stress,none,sac,16,-561.2424338574339,0.22633779133208817,8.000238896534324,145.34289503785732,153.3431339343916,0.7666666666666667,0.23333333333333334,0.5728319621334473
v2x_hotspot_stress,none,sac,17,-519.0900396223915,0.16344373924662278,5.123208489857669,149.44495097722873,154.5681594670864,0.7729166666666667,0.22708333333333333,0.6106990452234944
v2x_hotspot_stress,none,sac,18,-431.80543393189305,0.20666452687820433,5.792652817497145,147.75604819433764,153.5487010118348,0.8291666666666667,0.17083333333333334,0.5727711273978154
v2x_hotspot_stress,none,sac,19,-457.4596917809527,0.20167832020680285,7.31685889958024,147.81974382332606,155.1366027229063,0.8145833333333333,0.18541666666666667,0.5287258919328451
v2x_hotspot_stress,none,sac,20,-182.0843154426626,0.06420287819929164,1.2669806827721095,107.63081621731405,108.89779690008616,0.9229166666666667,0.07708333333333334,0.6798806207875411
v2x_hotspot_stress,none,sac,21,-494.14974846946296,0.15331568091099965,6.160849673398923,145.77987139937528,151.9407210727742,0.7833333333333333,0.21666666666666667,0.5214177602902055
v2x_hotspot_stress,none,sac,22,-300.5510515189038,0.18563625245412488,4.102568737260005,110.75244262686891,114.85501136412894,0.8916666666666667,0.10833333333333334,0.7431028427556157
v2x_hotspot_stress,none,sac,23,-454.31555361944925,0.17896147856623332,7.211710907146369,139.92308601476088,147.13479692190728,0.8104166666666667,0.18958333333333333,0.624679232823352
v2x_hotspot_stress,none,sac,24,-163.82137548420835,0.06590470037136546,1.2398512390162066,138.3307922927479,139.5706435317641,0.9333333333333333,0.06666666666666667,0.6524112037072579
v2x_hotspot_stress,none,sac,25,-561.1434249582732,0.27603554443039685,8.098666769937333,146.78012095281548,154.87878772275278,0.7791666666666667,0.22083333333333333,0.5622108776122332
v2x_hotspot_stress,none,sac,26,-613.7217964246767,0.2103849621769888,8.036834460090047,149.86365153063966,157.9004859907297,0.7354166666666667,0.26458333333333334,0.5204906126484274
v2x_hotspot_stress,none,sac,27,-253.75669154575095,0.13699456981598743,2.95892693656692,130.35100753266656,133.3099344692335,0.9041666666666667,0.09583333333333334,0.5782563030098875
v2x_hotspot_stress,none,sac,28,-686.9542350965087,0.3048965795644863,9.27329937764769,144.1892641408601,153.4625635185078,0.7208333333333333,0.2791666666666667,0.5983463867877921
v2x_hotspot_stress,none,sac,29,-373.846598640673,0.11943007392340162,3.621266769628832,147.0508384783775,150.67210524800637,0.8375,0.1625,0.5790795411914587
v2x_hotspot_stress,none,sac,30,-545.9911908656735,0.19423896428918125,8.973084066301174,149.57651616258806,158.54960022888926,0.7666666666666667,0.23333333333333334,0.5522306798646848
v2x_hotspot_stress,none,sac,31,-366.45984420356064,0.15434607978024087,3.309904454154324,142.4809591806797,145.79086363483398,0.85,0.15,0.5844878039633234
v2x_hotspot_stress,none,sac,32,-300.71710117498765,0.1336894687220482,2.892874711854122,148.64566490162983,151.5385396134839,0.8791666666666667,0.12083333333333333,0.64629907310009
v2x_hotspot_stress,none,sac,33,-403.2970383941723,0.16488088609401755,6.176231620091685,132.29753734803623,138.47376896812796,0.8333333333333334,0.16666666666666666,0.5569673775384824
v2x_hotspot_stress,none,sac,34,-363.5381448150572,0.16491672109065264,6.781963858095725,139.1553258600341,145.9372897181298,0.8541666666666666,0.14583333333333334,0.5258376032114029
v2x_hotspot_stress,none,sac,35,-514.3468642774334,0.2036822870032182,7.112749680408742,145.5328008492137,152.6455505296224,0.7854166666666667,0.21458333333333332,0.5535398524875442
v2x_hotspot_stress,none,sac,36,-447.4194899052733,0.23238176184379028,4.571067680623986,124.63707299450944,129.20814067513345,0.8270833333333333,0.17291666666666666,0.6415606969967484
v2x_hotspot_stress,none,sac,37,-517.1591723410604,0.20130393818623388,6.517315285368579,144.59208510356785,151.10940038893642,0.7833333333333333,0.21666666666666667,0.5460141834492485
v2x_hotspot_stress,none,sac,38,-410.8294460960197,0.131145358705069,5.540166734027332,123.78229718552396,129.3224639195513,0.8208333333333333,0.17916666666666667,0.5131937234972914
v2x_hotspot_stress,none,sac,39,-350.00329661776357,0.15309503112770476,2.7237214955189697,147.86566771999,150.58938921550896,0.8583333333333333,0.14166666666666666,0.6058179660389821
v2x_hotspot_stress,none,sac,40,-495.59462434880516,0.16497145607580618,6.795906264498504,140.14827481610493,146.9441810806035,0.7854166666666667,0.21458333333333332,0.47077208471794924
v2x_hotspot_stress,none,gdrl,1,-94.40260321954459,0.08754127199596713,1.265409610062965,144.8276791059503,146.09308871601326,0.975,0.025,0.19166666666666668
v2x_hotspot_stress,none,gdrl,2,-56.394940957976196,0.05839037620602763,1.0965079662893011,144.488838003142,145.5853459694313,0.9875,0.0125,0.1140625
v2x_hotspot_stress,none,gdrl,3,-48.16108492241911,0.04956696592038597,0.9293732925553521,144.70200272857275,145.6313760211281,0.9895833333333334,0.010416666666666666,0.109375
v2x_hotspot_stress,none,gdrl,4,-59.705435296223726,0.056780723394500306,0.8014460163397097,147.55482287911227,148.356268895452,0.9854166666666667,0.014583333333333334,0.12083333333333333
v2x_hotspot_stress,none,gdrl,5,-106.88567385374614,0.09665918989494302,1.4473202163309717,148.19476992278442,149.64209013911542,0.9708333333333333,0.029166666666666667,0.20520833333333333
v2x_hotspot_stress,none,gdrl,6,-142.91451589420012,0.09665079705675138,1.1913888783359199,149.5463880203121,150.737776898648,0.9520833333333333,0.04791666666666667,0.19895833333333332
v2x_hotspot_stress,none,gdrl,7,-55.91613055701636,0.048761232368453894,0.7786234532865879,149.57934388532993,150.35796733861656,0.9854166666666667,0.014583333333333334,0.10416666666666667
v2x_hotspot_stress,none,gdrl,8,-113.72035725507577,0.08599270931889814,1.0286472597441267,147.0999121404111,148.1285594001552,0.9645833333333333,0.035416666666666666,0.17135416666666667
v2x_hotspot_stress,none,gdrl,9,-142.82221355642662,0.09653764341650196,1.0964994175024887,148.37499113268743,149.4714905501899,0.9520833333333333,0.04791666666666667,0.20104166666666667
v2x_hotspot_stress,none,gdrl,10,-198.4572554336874,0.12083356377472636,1.0227886937949326,147.54870536682716,148.5714940606221,0.9291666666666667,0.07083333333333333,0.25729166666666664
v2x_hotspot_stress,none,gdrl,11,-236.53113427430685,0.15032724619374882,1.301483525513194,144.5003865180674,145.8018700435806,0.9166666666666666,0.08333333333333333,0.3255208333333333
v2x_hotspot_stress,none,gdrl,12,-116.61349369067891,0.07528696354057464,0.9409622387534624,148.25074413468278,149.19170637343626,0.9604166666666667,0.03958333333333333,0.14895833333333333
v2x_hotspot_stress,none,gdrl,13,-260.08443455654015,0.14906127333880786,1.187531528055569,149.97991360235466,151.16744513041027,0.9041666666666667,0.09583333333333334,0.3125
v2x_hotspot_stress,none,gdrl,14,-95.1154938296162,0.0638473276479594,0.8709215817252645,148.08829703813277,148.95921861985806,0.96875,0.03125,0.12552083333333333
v2x_hotspot_stress,none,gdrl,15,-65.396323179228,0.052005310921425386,0.6798592947381948,147.11260527005612,147.79246456479433,0.98125,0.01875,0.1046875
v2x_hotspot_stress,none,gdrl,16,-213.92053947303944,0.12800306743628556,1.2074432786578526,148.09479350875276,149.30223678741058,0.9229166666666667,0.07708333333333334,0.28072916666666664
v2x_hotspot_stress,none,gdrl,17,-195.5857526207375,0.11484859990448898,1.1892721039818681,147.42488344877847,148.61415555276037,0.9291666666666667,0.07083333333333333,0.22604166666666667
v2x_hotspot_stress,none,gdrl,18,-107.43625287071195,0.0895280160589901,1.1778423303929562,147.5823297494975,148.76017207989042,0.96875,0.03125,0.19635416666666666
v2x_hotspot_stress,none,gdrl,19,-120.08421396259422,0.09959646920091347,1.2994131541617022,141.29754505103108,142.59695820519275,0.9645833333333333,0.035416666666666666,0.20833333333333334
v2x_hotspot_stress,none,gdrl,20,-64.4372938123766,0.05013479702561074,0.7621458825720642,144.9908954535429,145.753041336115,0.98125,0.01875,0.0953125
v2x_hotspot_stress,none,gdrl,21,-157.31249753606917,0.10173978255225305,0.9770015960616559,148.26972877019412,149.24673036625578,0.9458333333333333,0.05416666666666667,0.21458333333333332
v2x_hotspot_stress,none,gdrl,22,-112.33733828537156,0.06648788698377511,0.5489680459974172,146.88944972598648,147.43841777198386,0.9604166666666667,0.03958333333333333,0.13854166666666667
v2x_hotspot_stress,none,gdrl,23,-177.39885545578915,0.11037166011765669,1.0695020239464066,146.2791179531855,147.3486199771319,0.9375,0.0625,0.228125
v2x_hotspot_stress,none,gdrl,24,-57.2127432240799,0.04330163142531755,0.6889985277626006,146.90967280315346,147.59867133091606,0.9833333333333333,0.016666666666666666,0.09010416666666667
v2x_hotspot_stress,none,gdrl,25,-193.29157545973356,0.1265830771703746,1.3661023042471254,149.69051162754516,151.05661393179233,0.9333333333333333,0.06666666666666667,0.2604166666666667
v2x_hotspot_stress,none,gdrl,26,-204.01180267081804,0.13338752922004374,1.2420105056998283,131.61761100086784,132.8596215065676,0.9291666666666667,0.07083333333333333,0.27395833333333336
v2x_hotspot_stress,none,gdrl,27,-77.05161374758053,0.05123480579031935,0.7093632740368656,147.92086900020482,148.6302322742417,0.975,0.025,0.1109375
v2x_hotspot_stress,none,gdrl,28,-193.08102985760078,0.14311890545021935,1.6882090589538346,144.4436323242285,146.13184138318232,0.9375,0.0625,0.30572916666666666
v2x_hotspot_stress,none,gdrl,29,-130.76102693985877,0.08823873301426878,1.1773295721884758,145.7038401948026,146.8811697669911,0.95625,0.04375,0.1671875
v2x_hotspot_stress,none,gdrl,30,-176.24074222983327,0.11607761432667793,1.292495809090502,149.49041595850358,150.7829117675941,0.9395833333333333,0.06041666666666667,0.24895833333333334
v2x_hotspot_stress,none,gdrl,31,-105.07587361482078,0.07638170706501654,1.0889664364662424,145.99950768396283,147.08847412042905,0.9666666666666667,0.03333333333333333,0.16822916666666668
v2x_hotspot_stress,none,gdrl,32,-76.2511075715385,0.057881474694932974,0.8075983123483756,148.12572562000793,148.93332393235633,0.9770833333333333,0.022916666666666665,0.12760416666666666
v2x_hotspot_stress,none,gdrl,33,-140.99518213771535,0.10953778847929978,1.2987248961334295,145.93606402558214,147.2347889217156,0.95625,0.04375,0.22916666666666666
v2x_hotspot_stress,none,gdrl,34,-111.0772728509267,0.08868908806469918,1.272929938846057,148.94408939019073,150.21701932903682,0.9666666666666667,0.03333333333333333,0.178125
v2x_hotspot_stress,none,gdrl,35,-205.47477135474355,0.1277690769435188,1.3002872259765488,136.8868601691738,138.18714739515028,0.9270833333333334,0.07291666666666667,0.2526041666666667
v2x_hotspot_stress,none,gdrl,36,-154.48625063860325,0.1131808767508857,1.2379866188363948,137.40967332043434,138.64765993927074,0.95,0.05,0.23020833333333332
v2x_hotspot_stress,none,gdrl,37,-166.9421195313633,0.121944812846517,1.4113815406051107,145.5422639605668,146.9536455011719,0.9458333333333333,0.05416666666666667,0.259375
v2x_hotspot_stress,none,gdrl,38,-128.2832645438479,0.09151412791680393,1.1516404336272352,144.06446435910593,145.21610479273315,0.9583333333333334,0.041666666666666664,0.1859375
v2x_hotspot_stress,none,gdrl,39,-95.69245449266228,0.06507868744807484,0.8240984822836217,147.6653854372617,148.48948391954536,0.96875,0.03125,0.12916666666666668
v2x_hotspot_stress,none,gdrl,40,-145.14077412119238,0.10144317341581745,1.2295470843637892,147.03881563563652,148.26836272000028,0.9520833333333333,0.04791666666666667,0.21875
v2x_hotspot_hard,none,mpc_traj_h3,1,-32.266747915918124,0.06975004148569147,1.1910438848383866,104.03338881746846,105.22443270230681,0.9972222222222221,0.0027777777777777775,0.13472222222222224
v2x_hotspot_hard,none,mpc_traj_h3,2,-8.403656541439664,0.015218941751193055,0.28217364908152026,97.21241005125727,97.49458370033878,1.0,0.0,0.03472222222222222
v2x_hotspot_hard,none,mpc_traj_h3,3,-56.48770570830795,0.058950346094535755,0.7277038091696414,108.12500000000003,108.85270380916967,0.9777777777777777,0.02222222222222222,0.1215277777777778
v2x_hotspot_hard,none,mpc_traj_h3,4,-83.12861362356692,0.10897847562577002,1.4412466096576535,128.43749999999997,129.87874660965764,0.9722222222222222,0.02777777777777778,0.20416666666666666
v2x_hotspot_hard,none,mpc_traj_h3,5,-104.54514784124068,0.10231949339410652,1.1365718964480125,122.53443541563055,123.67100731207854,0.9555555555555556,0.04444444444444444,0.19513888888888886
v2x_hotspot_hard,none,mpc_traj_h3,6,-97.93938118447318,0.11655137460936077,1.5420628205597706,131.1541480162176,132.69621083677737,0.9638888888888889,0.03611111111111111,0.2111111111111111
v2x_hotspot_hard,none,mpc_traj_h3,7,-109.164904342737,0.1038507849902394,1.0444642971301437,124.90959391123076,125.9540582083609,0.9527777777777777,0.047222222222222214,0.19375
v2x_hotspot_hard,none,mpc_traj_h3,8,-99.24120124402882,0.14279935848949077,1.8324653010152174,125.94860762605548,127.78107292707068,0.9694444444444444,0.030555555555555555,0.2798611111111111
v2x_hotspot_hard,none,mpc_traj_h3,9,-130.72639610177305,0.15331072951432398,1.770596587973586,116.04718596590597,117.81778255387958,0.95,0.05,0.2826388888888889
v2x_hotspot_hard,none,mpc_traj_h3,10,-147.97186547610573,0.17738069025818973,2.3022966589333294,134.85826944631594,137.16056610524933,0.9444444444444444,0.05555555555555555,0.35624999999999996
v2x_hotspot_hard,none,mpc_traj_h3,11,-74.45375331834775,0.10716044931537673,1.4640489512920212,127.73566987577907,129.1997188270711,0.9777777777777777,0.02222222222222222,0.23194444444444445
v2x_hotspot_hard,none,mpc_traj_h3,12,-74.25732533857091,0.09678605512404757,1.2077907560926269,112.60372570770011,113.81151646379274,0.975,0.025,0.18819444444444444
v2x_hotspot_hard,none,mpc_traj_h3,13,-138.68555418944408,0.17385182581111133,2.2512947702040105,134.3786018112626,136.6298965814666,0.95,0.05,0.31736111111111115
v2x_hotspot_hard,none,mpc_traj_h3,14,-35.03097625997948,0.044666709922078336,0.6570229343760139,97.70833333333334,98.36535626770936,0.9888888888888888,0.01111111111111111,0.08402777777777777
v2x_hotspot_hard,none,mpc_traj_h3,15,-53.097861803517475,0.08126668225437451,1.0632507621146068,126.99862230264111,128.06187306475573,0.986111111111111,0.013888888888888888,0.15208333333333332
v2x_hotspot_hard,none,mpc_traj_h3,16,-50.724421272749304,0.09688372261744642,1.4678976304572606,126.74147338516286,128.2093710156201,0.9916666666666667,0.008333333333333333,0.1986111111111111
v2x_hotspot_hard,none,mpc_traj_h3,17,-39.83160814642223,0.057658780918668044,0.8558605285764178,101.62570666148119,102.48156719005765,0.9888888888888888,0.01111111111111111,0.12013888888888888
v2x_hotspot_hard,none,mpc_traj_h3,18,-57.53767429134107,0.0609731912733537,0.7771676689242867,118.80034676219994,119.5775144311242,0.9777777777777777,0.02222222222222222,0.1125
v2x_hotspot_hard,none,mpc_traj_h3,19,-123.02904347448884,0.16435627165295852,2.140297373072717,126.55255860771955,128.69285598079227,0.9583333333333334,0.04166666666666666,0.31805555555555554
v2x_hotspot_hard,none,mpc_traj_h3,20,-68.10557287125992,0.06702997946283046,0.8344414148439891,131.65823407318825,132.49267548803223,0.9722222222222222,0.02777777777777778,0.11180555555555555
v2x_hotspot_hard,none,mpc_traj_h3,21,-157.70403025729837,0.14862070960485413,1.5500240650853694,138.46913591994397,140.01915998502938,0.9305555555555557,0.06944444444444443,0.2840277777777777
v2x_hotspot_hard,none,mpc_traj_h3,22,-61.42937924257518,0.10409025982126918,1.4475777996097163,130.4486124309998,131.89619023060948,0.986111111111111,0.013888888888888888,0.20625
v2x_hotspot_hard,none,mpc_traj_h3,23,-91.62151420792867,0.1000329204341228,1.2456182331681716,119.07647682164821,120.32209505481637,0.9638888888888889,0.03611111111111111,0.18888888888888883
v2x_hotspot_hard,none,mpc_traj_h3,24,-64.6046040473073,0.08089232407975597,1.126605413654936,114.98564053951688,116.11224595317178,0.9777777777777777,0.02222222222222222,0.14583333333333337
v2x_hotspot_hard,none,mpc_traj_h3,25,-111.94914196079908,0.1564604687329399,2.009030598772287,118.77007663258533,120.77910723135761,0.9638888888888889,0.03611111111111111,0.3131944444444445
v2x_hotspot_hard,none,mpc_traj_h3,26,-180.87854698280424,0.21285861635732248,2.4530730217121075,139.19509678389275,141.64816980560485,0.9305555555555556,0.06944444444444445,0.3923611111111111
v2x_hotspot_hard,none,mpc_traj_h3,27,-44.955977953247086,0.059065291335853025,0.7749556251015409,122.3074801195654,123.08243574466697,0.986111111111111,0.013888888888888888,0.12013888888888889
v2x_hotspot_hard,none,mpc_traj_h3,28,-37.68998396717367,0.061795623262779424,0.9354235656329676,113.84989618680319,114.78531975243615,0.9916666666666667,0.008333333333333333,0.15277777777777776
v2x_hotspot_hard,none,mpc_traj_h3,29,-21.26815568942397,0.04020364217111711,0.6614544677174555,92.50002912634311,93.16148359406057,0.9972222222222221,0.0027777777777777775,0.08055555555555556
v2x_hotspot_hard,none,mpc_traj_h3,30,-85.34718041987458,0.11429716801409612,1.757139823899942,138.2495246694316,140.00666449333156,0.9722222222222222,0.027777777777777776,0.2173611111111111
v2x_hotspot_hard,none,mpc_traj_h3,31,-117.00055575718513,0.14737636957256314,1.8696192625938517,129.6324711061524,131.50209036874625,0.9583333333333334,0.04166666666666666,0.2819444444444444
v2x_hotspot_hard,none,mpc_traj_h3,32,-55.17218627152445,0.07725556934133444,1.0209840436532978,110.98505957781519,112.00604362146845,0.9833333333333333,0.016666666666666666,0.17152777777777778
v2x_hotspot_hard,none,mpc_traj_h3,33,-73.81007359348497,0.08328796571251762,1.169829922714602,126.37703464324076,127.5468645659554,0.9722222222222221,0.027777777777777776,0.14930555555555552
v2x_hotspot_hard,none,mpc_traj_h3,34,-96.64821280064088,0.11252976100790796,1.3202565122300944,136.59637141423627,137.9166279264663,0.963888888888889,0.03611111111111111,0.2229166666666666
v2x_hotspot_hard,none,mpc_traj_h3,35,-126.26853292450717,0.1520802201064498,2.0285847066078153,115.29320483289987,117.32178953950766,0.9527777777777777,0.04722222222222223,0.2756944444444444
v2x_hotspot_hard,none,mpc_traj_h3,36,-136.84649548594209,0.1579932205465351,1.8848760928804102,130.41299354676906,132.29786963964943,0.9472222222222224,0.052777777777777764,0.28194444444444444
v2x_hotspot_hard,none,mpc_traj_h3,37,-79.00397812489445,0.09750007905341147,1.3434704116003298,128.78818511061036,130.13165552221068,0.9722222222222222,0.02777777777777778,0.19930555555555554
v2x_hotspot_hard,none,mpc_traj_h3,38,-116.10735898244859,0.13354770829209747,1.5653505278026931,132.7741160486467,134.3394665764494,0.9555555555555556,0.04444444444444444,0.26180555555555557
v2x_hotspot_hard,none,mpc_traj_h3,39,-65.08567883869351,0.08088815927738709,1.1438445606134684,131.05420540052475,132.19804996113822,0.9777777777777779,0.022222222222222223,0.14861111111111114
v2x_hotspot_hard,none,mpc_traj_h3,40,-115.5685601969463,0.17598247607693762,2.318318278836897,138.17730869612168,140.49562697495858,0.9666666666666668,0.03333333333333333,0.33958333333333335
v2x_hotspot_stress,none,mpc_traj_h3,1,-93.7859237020566,0.08757720720584691,1.2850576052730074,123.67708383639706,124.96214144167006,0.975,0.025,0.19114583333333332
v2x_hotspot_stress,none,mpc_traj_h3,2,-59.635187339804986,0.05782765142391165,1.0319735164373978,128.23184836114214,129.26382187757952,0.9854166666666667,0.014583333333333334,0.1171875
v2x_hotspot_stress,none,mpc_traj_h3,3,-59.89937181742153,0.05025360564310664,0.9684909663188584,124.9528793246924,125.92137029101124,0.9833333333333333,0.016666666666666666,0.109375
v2x_hotspot_stress,none,mpc_traj_h3,4,-67.18384261913046,0.056741912422673325,0.8038263221929427,130.78699555271564,131.59082187490856,0.98125,0.01875,0.11979166666666667
v2x_hotspot_stress,none,mpc_traj_h3,5,-111.0256214540612,0.09869246240963322,1.670483247908281,120.10416666666671,121.774649914575,0.96875,0.03125,0.2015625
v2x_hotspot_stress,none,mpc_traj_h3,6,-142.1374996515751,0.09630448733641862,1.207209755625308,129.17098124751448,130.3781910031398,0.9520833333333333,0.04791666666666667,0.1984375
v2x_hotspot_stress,none,mpc_traj_h3,7,-54.704276214570356,0.047698035502262655,0.7678635074354411,126.20610894204032,126.97397244947574,0.9854166666666667,0.014583333333333334,0.1046875
v2x_hotspot_stress,none,mpc_traj_h3,8,-121.40732567326282,0.08692494000076872,1.121928002693728,121.6565544271008,122.7784824297945,0.9604166666666667,0.03958333333333333,0.16927083333333334
v2x_hotspot_stress,none,mpc_traj_h3,9,-142.5603742781114,0.09620920925005289,1.0408844549116225,144.95757681462266,145.99846126953432,0.9520833333333333,0.04791666666666667,0.203125
v2x_hotspot_stress,none,mpc_traj_h3,10,-198.01673832525415,0.12100693069633066,1.006610905236468,130.1071087952792,131.11371970051565,0.9291666666666667,0.07083333333333333,0.25833333333333336
v2x_hotspot_stress,none,mpc_traj_h3,11,-240.7116172264269,0.15121145057255791,1.365612744881487,136.30508564175727,137.67069838663878,0.9145833333333333,0.08541666666666667,0.325
v2x_hotspot_stress,none,mpc_traj_h3,12,-108.33145149601461,0.07579718550273438,0.9728879758179506,130.65386051425287,131.6267484900708,0.9645833333333333,0.035416666666666666,0.14895833333333333
v2x_hotspot_stress,none,mpc_traj_h3,13,-259.45850914433856,0.14878408742742988,1.1283490616607093,133.60989024407863,134.73823930573937,0.9041666666666667,0.09583333333333334,0.3145833333333333
v2x_hotspot_stress,none,mpc_traj_h3,14,-94.55900605327788,0.06343057173998669,0.8396707664055666,136.23804983640403,137.0777206028096,0.96875,0.03125,0.12760416666666666
v2x_hotspot_stress,none,mpc_traj_h3,15,-76.76674876638991,0.05148403847073836,0.6741533208253505,134.47285669369126,135.14701001451658,0.975,0.025,0.1046875
v2x_hotspot_stress,none,mpc_traj_h3,16,-216.96654395806644,0.12766451820566915,1.12733038253473,121.79184359564024,122.91917397817497,0.9208333333333333,0.07916666666666666,0.2833333333333333
v2x_hotspot_stress,none,mpc_traj_h3,17,-203.13109783187173,0.11528717150280114,1.1462884042666872,125.29556194664072,126.44185035090739,0.925,0.075,0.2265625
v2x_hotspot_stress,none,mpc_traj_h3,18,-123.4079004126728,0.09031239678041399,1.0790740436220527,134.18592455884797,135.26499860247003,0.9604166666666667,0.03958333333333333,0.20104166666666667
v2x_hotspot_stress,none,mpc_traj_h3,19,-124.13608476266424,0.09964326461780239,1.3671449660542234,142.21011323791456,143.5772582039688,0.9625,0.0375,0.20729166666666668
v2x_hotspot_stress,none,mpc_traj_h3,20,-63.69682141505886,0.04988030872070425,0.728329582714821,124.41411138797886,125.14244097069371,0.98125,0.01875,0.096875
v2x_hotspot_stress,none,mpc_traj_h3,21,-156.7994901943506,0.10167352480701271,0.9544872321567773,132.2521223339926,133.20660956614933,0.9458333333333333,0.05416666666666667,0.21614583333333334
v2x_hotspot_stress,none,mpc_traj_h3,22,-107.78584550709127,0.06630847406571856,0.5871036420329001,131.33882820951155,131.92593185154442,0.9625,0.0375,0.1375
v2x_hotspot_stress,none,mpc_traj_h3,23,-172.53013334997686,0.10987327157648039,1.1057017511098384,125.25973135776763,126.36543310887744,0.9395833333333333,0.06041666666666667,0.22760416666666666
v2x_hotspot_stress,none,mpc_traj_h3,24,-52.795622631075446,0.04427201567117047,0.7396442186176296,117.42885941183667,118.16850363045431,0.9854166666666667,0.014583333333333334,0.0875
v2x_hotspot_stress,none,mpc_traj_h3,25,-200.97548793323972,0.12719815458776734,1.2496906298512844,129.42943374053007,130.67912437038137,0.9291666666666667,0.07083333333333333,0.26458333333333334
v2x_hotspot_stress,none,mpc_traj_h3,26,-199.80242479608864,0.13280883439874394,1.1854666854118439,133.9540094709744,135.13947615638625,0.93125,0.06875,0.2760416666666667
v2x_hotspot_stress,none,mpc_traj_h3,27,-80.2247990063264,0.05138292165894267,0.6790536677976815,118.02083333333334,118.69988700113102,0.9729166666666667,0.027083333333333334,0.11041666666666666
v2x_hotspot_stress,none,mpc_traj_h3,28,-196.53966527164454,0.1426392157166081,1.6645413152187136,134.09684960720375,135.7613909224225,0.9354166666666667,0.06458333333333334,0.30572916666666666
v2x_hotspot_stress,none,mpc_traj_h3,29,-121.28944427222783,0.08679170553523134,1.0872736370740468,119.89358020681925,120.98085384389329,0.9604166666666667,0.03958333333333333,0.17291666666666666
v2x_hotspot_stress,none,mpc_traj_h3,30,-171.5707277339156,0.1160596267501377,1.3410631283172816,127.39583333333331,128.73689646165062,0.9416666666666667,0.058333333333333334,0.24791666666666667
v2x_hotspot_stress,none,mpc_traj_h3,31,-104.72547549078382,0.07665114372016886,1.0837813980942883,130.01376877199894,131.09755017009323,0.9666666666666667,0.03333333333333333,0.16927083333333334
v2x_hotspot_stress,none,mpc_traj_h3,32,-83.87941079882633,0.058225704206175524,0.7930752109666808,130.24268411776964,131.0357593287363,0.9729166666666667,0.027083333333333334,0.13020833333333334
v2x_hotspot_stress,none,mpc_traj_h3,33,-158.4064240882974,0.113245430918621,1.3321077195933242,133.62180052571685,134.9539082453102,0.9479166666666666,0.052083333333333336,0.22916666666666666
v2x_hotspot_stress,none,mpc_traj_h3,34,-110.83768877006108,0.08970818292078235,1.2693407740978946,124.65602482875282,125.92536560285073,0.9666666666666667,0.03333333333333333,0.1796875
v2x_hotspot_stress,none,mpc_traj_h3,35,-209.45206806178322,0.12784401291139613,1.3250706779441437,134.90632479915834,136.23139547710247,0.925,0.075,0.253125
v2x_hotspot_stress,none,mpc_traj_h3,36,-153.85014969397176,0.11317429143121349,1.1803677396444954,116.36929249333093,117.54966023297543,0.95,0.05,0.23333333333333334
v2x_hotspot_stress,none,mpc_traj_h3,37,-162.0507876628634,0.12130290848573805,1.3631814718451654,126.14987151845925,127.51305299030437,0.9479166666666666,0.052083333333333336,0.2609375
v2x_hotspot_stress,none,mpc_traj_h3,38,-143.65857139779152,0.09119284573486244,1.1171993899825767,128.41631544527004,129.5335148352526,0.95,0.05,0.1859375
v2x_hotspot_stress,none,mpc_traj_h3,39,-95.2387179871307,0.0651215251516667,0.8349045450890109,131.84462593259985,132.67953047768887,0.96875,0.03125,0.12760416666666666
v2x_hotspot_stress,none,mpc_traj_h3,40,-150.05740427033152,0.10358703913744342,1.3517486805812453,143.1691007980425,144.52084947862375,0.95,0.05,0.2171875
